kmedian,parmedian,public,private,ivyplus,otherelite,hselective,selective,northeast,midwest,west,pctfemale,pctkmarried
40100,101000,0,1,0,0,0,1,0,0,0,55.961841,71.257001
32500,66000,1,0,0,0,0,1,0,0,0,44.160941,58.075023
27400,92300,0,0,0,0,0,0,0,0,1,41.42569,34.508148
34100,67200,1,0,0,0,0,1,0,0,1,50.084746,56.966305
50700,96300,0,1,0,0,0,1,1,0,0,71.840209,54.553699
40300,88500,0,1,0,0,0,1,0,1,0,55.478501,65.137172
39200,62900,0,1,0,0,0,0,0,0,0,76.348549,53.837162
38900,97200,0,1,0,0,1,0,0,0,0,99.695122,50.208014
32900,44500,1,0,0,0,0,1,0,0,0,51.395267,23.482969
115800,95800,0,1,0,0,0,0,1,0,0,59.689921,74.353045
31900,43800,1,0,0,0,0,1,0,0,0,63.595647,21.053372
48900,120700,0,1,0,0,0,1,0,1,0,56.407034,67.621833
47300,89000,0,1,0,0,0,1,1,0,0,59.023356,58.927262
37800,59500,0,1,0,0,0,1,0,0,0,63.22751,66.366309
44600,90800,0,1,0,0,0,1,1,0,0,52.639294,60.422957
52500,102800,0,1,0,0,0,1,1,0,0,50.517839,62.554431
48000,98200,0,1,0,0,0,1,0,1,0,56.097561,71.877366
41800,84300,0,1,0,0,0,1,1,0,0,62.440568,56.393397
33200,65600,0,1,0,0,0,1,0,1,0,99.792963,43.997833
38700,66000,0,1,0,0,0,0,0,1,0,71.465629,68.425125
22100,44700,0,0,0,0,0,0,0,1,0,58.985066,36.369017
41900,68700,0,1,0,0,0,1,1,0,0,50.483561,42.280263
26000,88800,0,1,0,0,0,0,1,0,0,65.619224,36.969981
17800,38300,0,0,0,0,0,0,0,0,0,81.465137,36.971423
59100,135700,0,1,0,0,1,0,0,0,0,63.553941,52.136064
69300,181300,0,1,0,1,0,0,1,0,0,48.417452,55.561686
34900,88400,0,1,0,0,0,1,0,1,0,57.652301,70.850742
32600,75900,0,1,0,0,0,0,0,0,0,62.037039,68.392432
37200,73900,0,1,0,0,0,1,0,1,0,52.664977,59.48481
38500,68400,1,0,0,0,0,1,0,0,0,55.321103,63.84185
40700,90400,0,1,0,0,0,1,1,0,0,69.125682,59.595132
23100,41100,0,0,0,0,0,0,0,0,1,68.039256,34.7478
39100,105900,1,0,0,0,0,1,0,0,0,52.059871,65.15426
39300,94800,0,1,0,0,0,1,0,1,0,64.645308,65.815198
44900,92200,0,1,0,0,0,1,1,0,0,74.433655,60.099971
29700,84000,0,0,0,0,0,0,0,0,1,92.997199,57.72028
46300,110700,1,0,0,0,0,1,0,0,1,55.421919,57.21252
34500,60800,1,0,0,0,0,1,0,0,0,57.444632,60.616404
35100,63200,1,0,0,0,0,1,0,0,0,49.526814,64.712572
34600,76000,1,0,0,0,0,1,0,0,0,64.19816,53.932971
42800,84800,0,1,0,0,0,0,0,0,1,38.812786,34.515694
29600,74200,0,0,0,0,0,0,0,0,1,39.528963,40.110242
25700,55400,0,0,0,0,0,0,0,0,0,42.75775,34.093061
30300,58000,0,0,0,0,0,0,0,0,0,36.325851,37.300768
27900,68000,0,0,0,0,0,0,1,0,0,41.170636,33.839619
32300,73600,0,0,0,0,0,0,0,0,0,35.669783,43.267283
26100,63800,0,0,0,0,0,0,1,0,0,37.394604,39.854708
25200,78400,0,0,0,0,0,0,0,0,1,51.477832,43.75324
29000,78700,0,0,0,0,0,0,0,0,1,45.168939,42.868152
30800,74500,0,0,0,0,0,0,1,0,0,55.154639,52.949655
33400,77200,0,0,0,0,0,0,0,1,0,39.495799,46.412954
33800,91700,0,1,0,0,0,1,0,0,0,56.226414,80.919522
39200,84600,0,1,0,0,0,1,0,1,0,60.69364,68.920964
57500,120100,0,1,0,0,0,1,1,0,0,60.139859,67.169541
23800,38900,1,0,0,0,0,1,0,0,0,57.746476,16.023026
47300,123200,1,0,0,0,0,1,0,0,0,50.273508,68.94269
35400,73600,1,0,0,0,0,1,0,0,0,61.197007,50.983292
49000,99100,0,1,0,0,0,1,0,1,0,53.063345,60.241026
53700,114300,0,1,0,0,1,0,0,1,0,57.327586,70.826322
44200,93200,0,1,0,0,0,1,0,1,0,64.115644,75.649744
43500,87100,0,1,0,0,0,1,0,1,0,56.552964,55.574626
49700,109300,0,1,0,0,1,0,0,0,0,57.683742,61.685568
33500,66600,1,0,0,0,0,1,0,0,0,57.209885,56.917989
35500,65400,0,1,0,0,0,1,0,0,0,50.395781,57.709104
44800,88200,0,1,0,0,0,1,0,1,0,63.926941,61.183172
42100,103700,0,1,0,0,0,1,0,0,1,62.44204,70.769596
95300,140500,0,1,0,0,1,0,1,0,0,37.751856,60.191709
22500,61400,0,1,0,0,0,0,0,1,0,66.284072,45.85872
45800,96200,0,1,0,0,0,1,0,1,0,54.115587,65.861338
46100,89200,0,1,0,0,0,1,0,1,0,59.85437,66.88863
40100,94900,1,0,0,0,0,1,0,1,0,55.561137,64.420259
27100,67700,0,1,0,0,0,0,0,1,0,50.200802,82.67383
23500,67500,0,1,0,0,0,0,1,0,0,58.0531,79.829925
30900,117900,0,1,0,0,1,0,1,0,0,56.07143,36.819476
56300,148000,0,1,0,1,0,0,1,0,0,99.564135,52.02992
39200,69500,0,1,0,0,0,1,0,0,0,66.625917,42.077962
39300,87500,0,1,0,0,0,1,0,0,0,66.486484,65.991211
55900,176900,0,1,0,1,0,0,1,0,0,50.351286,58.164424
35800,84100,0,1,0,0,0,1,1,0,0,100,57.856828
25300,55000,0,0,0,0,0,0,1,0,0,66.666669,29.726502
50300,132400,0,1,0,0,1,0,0,0,0,58.958775,69.17218
33100,75500,0,1,0,0,0,1,1,0,0,75.313807,51.339358
32200,77300,0,1,0,0,0,1,0,0,0,59.498209,66.17381
46700,98200,0,1,0,0,0,1,0,0,0,65.251571,68.461752
37700,97000,1,0,0,0,0,1,0,0,1,46.969968,48.081589
40000,73100,0,1,0,0,0,1,0,1,0,46.080759,64.363998
38100,97900,0,1,0,0,0,1,0,0,0,52.109182,59.507048
37900,116700,0,1,0,0,0,1,0,0,0,59.873062,65.178537
40600,109800,0,1,0,0,1,0,0,1,0,59.974092,47.994474
43400,90200,0,1,0,0,0,1,0,1,0,52.597404,65.511101
54800,104500,0,1,0,0,0,1,0,1,0,57.174885,62.427807
33400,50000,0,1,0,0,0,1,0,0,0,98.941797,22.881895
19700,99200,0,1,0,0,1,0,1,0,0,69.786096,38.929892
79800,119600,0,1,0,0,1,0,1,0,0,42.668799,61.70792
36500,42500,0,0,0,0,0,0,1,0,0,67.83154,32.951048
37600,51200,0,0,0,0,0,0,1,0,0,70.500374,40.715447
27400,119300,0,1,0,0,0,0,1,0,0,22.272144,41.283527
43400,103100,0,1,0,0,0,1,0,0,0,64.803803,74.294841
20900,91100,0,1,0,0,0,0,1,0,0,0.98280096,86.619222
42400,77600,0,1,0,0,0,1,0,0,0,53.571427,67.911488
39800,73700,0,1,0,0,0,1,0,1,0,45.641026,66.305864
35500,76000,0,1,0,0,0,0,0,1,0,50.99715,71.538967
31500,81300,0,1,0,0,0,1,0,1,0,62.484157,70.642859
34500,54700,0,1,0,0,0,1,0,0,0,53.539824,64.974946
40200,100000,0,1,0,0,0,1,0,1,0,61.640799,79.165053
32500,43000,0,1,0,0,0,1,0,0,0,55.299538,21.432418
65700,104400,1,0,0,0,1,0,1,0,0,54.666668,55.965865
35700,95300,0,1,0,0,0,1,0,0,1,63.925236,74.655741
48100,137900,0,1,0,0,0,1,0,0,0,57.390302,66.46319
40400,68300,1,0,0,0,0,1,0,1,0,46.561968,61.560637
41300,65800,0,1,0,0,0,1,0,1,0,54.090911,60.63652
35600,40800,0,1,0,0,0,1,1,0,0,61.233479,25.008073
45700,89800,1,0,0,0,0,1,1,0,0,60.61421,65.883839
24800,54700,1,0,0,0,0,1,0,0,0,54.24493,54.182345
42400,77100,0,1,0,0,0,1,0,1,0,57.28395,83.600038
31900,77100,1,0,0,0,0,1,0,0,1,52.977616,62.344468
23200,28900,0,1,0,0,0,1,1,0,0,69.729728,20.675738
71800,168400,0,1,0,1,0,0,1,0,0,51.660973,60.101098
62000,126800,0,1,0,0,1,0,1,0,0,62.199748,53.076339
61000,177600,0,1,0,1,0,0,1,0,0,51.275915,59.304941
42600,92800,1,0,0,0,0,1,0,1,0,56.63774,65.048474
54900,112900,0,1,0,0,0,1,0,1,0,55.595547,66.091794
63100,142700,0,1,0,1,0,0,1,0,0,57.296038,58.348888
35700,74000,1,0,0,0,0,1,0,0,0,47.708449,48.13385
34600,87000,0,1,0,0,0,1,0,0,0,98.255813,59.162736
29300,93900,0,1,0,0,0,0,0,0,0,46.4986,48.098892
30400,63400,0,1,0,0,0,1,0,0,0,49.494949,57.968891
39500,74400,0,1,0,0,0,1,0,1,0,55.470252,69.854677
34200,64800,0,0,0,0,0,0,1,0,0,43.687063,40.612948
42100,91300,0,1,0,0,0,1,0,0,0,55.651236,65.617722
45400,93300,1,0,0,0,0,1,1,0,0,62.080634,57.914776
32600,119600,0,1,0,0,0,1,0,0,1,54.861033,84.456772
22600,93200,0,1,0,0,0,1,0,0,1,57.452577,77.676529
22600,92600,0,1,0,0,0,0,0,0,1,57.198519,84.689492
16200,30000,0,0,0,0,0,0,0,0,1,82.119203,26.677179
30500,95300,0,0,0,0,0,0,0,0,1,47.634912,41.335401
30200,54900,1,0,0,0,0,1,0,0,0,55.082887,36.353582
31000,67800,0,0,0,0,0,0,0,1,0,31.62339,43.573764
66900,197000,0,1,1,0,0,0,1,0,0,53.72718,53.014421
28100,78800,0,1,0,0,0,1,0,0,0,60.14151,71.224713
73300,116900,0,1,0,0,0,1,1,0,0,39.951575,61.33123
47400,125400,0,1,0,1,0,0,1,0,0,99.623114,46.789965
71800,149800,0,1,0,1,0,0,1,0,0,49.595469,65.46995
45900,69800,0,1,0,0,0,1,0,1,0,54.01997,71.489495
57300,121500,0,1,0,0,0,1,0,1,0,63.416219,70.78656
46700,98100,0,1,0,0,0,1,1,0,0,63.466668,56.710434
26500,77100,0,1,0,0,0,1,1,0,0,57.312924,76.966709
45400,84300,0,1,0,0,0,1,1,0,0,62.596601,52.950287
36200,82600,0,1,0,0,0,1,0,0,1,64.864862,72.462571
29700,90100,0,1,0,0,0,0,0,0,1,58.221024,34.035909
83000,124500,0,1,0,1,0,0,0,0,1,33.216783,54.17853
25300,108700,0,1,0,0,0,0,0,0,1,45.923913,36.633381
50900,110600,0,1,0,0,0,1,0,0,1,57.888889,66.277009
85800,113100,1,0,0,0,0,1,0,0,1,15.217391,58.743018
65500,124800,1,0,0,0,0,1,0,0,1,46.565855,63.291138
55100,80200,1,0,0,0,0,1,0,0,1,42.013362,50.76192
47900,88700,1,0,0,0,0,1,0,0,1,58.687133,57.990736
46100,67700,1,0,0,0,0,1,0,0,1,64.312041,61.722022
48700,112200,1,0,0,0,0,1,0,0,1,56.964475,60.270417
40300,45600,1,0,0,0,0,1,0,0,1,69.71935,34.141997
51300,86000,1,0,0,0,0,1,0,0,1,65.980864,53.623867
44400,72400,1,0,0,0,0,1,0,0,1,60.37432,59.193456
47800,83300,1,0,0,0,0,1,0,0,1,61.668068,53.429401
48800,85800,1,0,0,0,0,1,0,0,1,64.032125,51.371813
43000,36600,1,0,0,0,0,1,0,0,1,62.447017,39.761055
41100,93200,1,0,0,0,0,1,0,0,1,58.884299,50.071526
44100,61100,1,0,0,0,0,1,0,0,1,58.629012,45.996237
43500,69800,1,0,0,0,0,1,0,0,1,64.688855,53.637075
44400,93600,1,0,0,0,0,1,0,0,1,61.340606,61.089116
44800,72300,1,0,0,0,0,1,0,0,1,66.887784,63.860941
38500,73800,1,0,0,0,0,1,1,0,0,51.052445,60.840291
45900,111500,0,1,0,0,0,1,0,1,0,56.354451,81.562275
32800,56400,1,0,0,0,0,1,0,0,0,53.039598,55.942601
42700,69900,0,1,0,0,0,1,0,0,0,42.536232,59.491992
35100,68100,0,1,0,0,0,1,0,0,0,52.857143,70.021641
50900,94200,0,1,0,0,0,1,1,0,0,51.96529,58.797967
44000,84100,0,1,0,0,0,1,0,1,0,59.396917,64.336526
39100,88400,0,1,0,0,0,1,0,1,0,73.815459,55.637735
51700,152000,0,1,0,1,0,0,0,1,0,52.481753,56.59492
37900,66100,0,1,0,0,0,1,1,0,0,95.319152,57.778484
78400,134400,0,1,0,1,0,0,1,0,0,38.55198,54.4034
47800,89700,0,1,0,0,0,1,0,0,1,59.597808,65.444183
43300,95000,0,1,0,0,0,1,0,1,0,66.409862,65.760481
36300,79100,0,1,0,0,0,1,0,0,0,55.6701,71.554041
47500,101600,0,1,0,0,0,1,0,1,0,54.138702,65.185201
73400,118200,0,1,0,1,0,0,0,1,0,38.777414,62.533736
42000,94000,0,1,0,0,0,1,0,0,0,51.546389,58.018452
57700,133000,0,1,0,0,0,1,0,0,0,53.467155,59.243506
28800,64200,0,1,0,0,0,1,1,0,0,71.875,49.504784
37600,99500,0,1,0,0,0,1,0,1,0,54.532903,79.368979
35200,94300,0,1,0,0,0,1,1,0,0,71.608043,52.12599
45400,100300,0,1,0,0,0,1,0,0,0,61.896551,63.157952
44200,87700,0,1,0,0,0,1,0,1,0,59.307766,75.761187
46600,93300,1,0,0,0,0,1,1,0,0,49.430364,52.908772
36200,66000,0,1,0,0,0,1,0,1,0,51.215279,66.388357
42400,98300,1,0,0,0,0,1,0,1,0,60.200667,64.899361
28000,66800,0,0,0,0,0,0,1,0,0,77.793103,62.044829
25200,40300,1,0,0,0,0,1,0,1,0,54.010028,19.629507
45000,97100,1,0,0,0,0,1,0,0,1,53.757709,63.380742
29300,66300,1,0,0,0,0,1,0,0,1,52.451706,51.344478
49400,111000,0,1,0,0,1,0,0,0,0,55.000001,68.40238
38600,68100,1,0,0,0,0,1,0,1,0,54.812098,68.929827
38100,66600,0,1,0,0,0,1,0,0,1,54.171705,50.743365
39200,85200,0,1,0,0,0,1,1,0,0,53.256702,55.183423
47900,109600,0,1,0,0,1,0,0,0,1,57.103372,56.117231
36900,70500,0,1,0,0,0,1,0,0,0,63.722825,58.523548
31800,71200,0,1,0,0,0,1,1,0,0,98.666668,51.998746
38900,76600,0,1,0,0,0,1,1,0,0,83.625734,43.626398
26500,38600,1,0,0,0,0,1,1,0,0,49.706745,12.473197
31900,43700,1,0,0,0,0,1,0,1,0,71.143085,17.575735
32000,51800,1,0,0,0,0,1,0,0,0,51.313484,49.437055
52000,97600,0,1,0,0,0,1,0,0,0,49.784791,57.391977
41300,92500,1,0,0,0,0,1,0,0,0,59.299958,60.644472
30100,74400,0,1,0,0,0,0,0,1,0,49.321267,84.5846
62800,106800,1,0,0,0,0,1,0,0,0,5.358436,66.932344
48500,35500,1,0,0,0,0,1,1,0,0,47.223812,38.075513
33600,35400,0,1,0,0,0,1,0,0,0,66.911763,24.522418
69900,142000,0,1,0,1,0,0,0,0,1,46.992481,57.537639
38100,75500,1,0,0,0,0,1,1,0,0,61.34454,62.836319
35200,54500,0,1,0,0,0,1,0,0,0,71.659267,19.444919
49600,103000,0,1,0,0,1,0,1,0,0,61.378205,51.991743
45100,75700,0,1,0,0,0,1,0,1,0,72.812498,71.658003
73300,94600,0,1,0,0,0,1,1,0,0,26.59511,67.122161
35000,77600,1,0,0,0,0,1,0,0,0,60.470456,50.633097
41500,64300,0,1,0,0,0,1,0,0,0,53.024912,76.28969
52300,120200,1,0,0,0,1,0,0,0,0,47.578016,68.194026
37000,72700,1,0,0,0,0,1,0,1,0,52.163607,48.733816
37800,91500,1,0,0,0,0,1,0,0,0,55.079985,54.325742
48500,90600,0,1,0,0,0,1,0,1,0,57.014155,66.688877
34600,59000,0,1,0,0,0,1,0,0,0,59.203982,54.939586
59200,208700,0,1,0,1,0,0,1,0,0,54.915255,61.660719
41900,99400,0,1,0,0,0,1,1,0,0,64.620358,59.457123
71500,208900,0,1,0,1,0,0,1,0,0,51.829267,61.718601
43600,98300,0,1,0,0,0,0,0,1,0,40.899795,45.507818
27100,54100,1,0,0,0,0,1,0,0,0,57.021677,46.871647
39900,119500,1,0,0,0,0,1,0,0,0,64.691269,56.692559
27200,64400,1,0,0,0,0,1,0,0,0,61.513424,48.560932
45700,92200,0,1,0,0,0,1,0,0,1,55.084747,61.751211
41700,88500,0,1,0,0,0,1,0,1,0,65.529013,67.195117
67900,94800,0,1,0,0,0,1,1,0,0,55.054152,49.549633
60100,122300,1,0,0,1,0,0,1,0,0,59.034556,63.029325
30800,40400,0,1,0,0,0,1,1,0,0,90.09009,23.871805
45400,87500,0,1,0,0,0,1,1,0,0,72.125435,65.567285
47300,106800,0,1,0,0,0,1,0,1,0,99.776119,73.596156
44700,75200,0,1,0,0,0,1,1,0,0,99.157304,50.174236
46200,91000,0,1,0,0,0,1,1,0,0,74.279213,65.088898
54800,87700,0,1,0,0,0,1,0,1,0,73.363096,70.403069
28900,66800,1,0,0,0,0,1,0,0,1,52.703053,41.334799
41200,73500,1,0,0,0,0,1,1,0,0,51.493633,44.264865
71900,157000,0,1,0,1,0,0,1,0,0,51.899999,64.85858
32000,49200,0,1,0,0,0,1,0,1,0,54.233408,68.581057
34900,55800,0,0,0,0,0,0,1,0,0,46.590909,33.266377
59800,147100,1,0,0,1,0,0,0,0,0,57.40416,61.055648
47200,108100,0,1,0,0,0,1,0,1,0,52.025419,59.345227
20100,43500,0,1,0,0,0,0,0,0,1,65.863454,34.217453
30700,98600,0,1,0,0,0,1,0,0,1,60.382515,79.574049
43600,154600,0,1,0,0,1,0,0,0,1,55.709571,55.171168
35000,75800,1,0,0,0,0,1,0,0,1,52.169424,60.787284
24500,79400,1,0,0,0,0,1,0,0,1,45.199817,43.789586
81500,111500,1,0,0,0,1,0,0,0,1,25.325522,69.109714
45800,115400,1,0,0,0,0,1,0,0,1,52.779895,62.975681
38100,72300,1,0,0,0,0,1,0,0,1,54.809618,56.463993
26100,52300,0,0,0,0,0,0,0,0,1,57.797581,49.450436
32000,77500,1,0,0,0,0,1,0,0,1,49.836707,58.218116
28500,85100,0,1,0,0,0,1,0,1,0,48.874396,34.840989
31100,61700,0,1,0,0,0,1,0,1,0,60.445434,53.231281
33800,62600,0,1,0,0,0,1,0,0,0,99.276859,51.905644
18500,71700,0,1,0,0,0,0,0,0,0,68.398267,79.25958
75300,169600,0,1,1,0,0,0,1,0,0,45.593357,52.451259
32500,81800,0,1,0,0,0,0,0,1,0,48.26884,46.86285
35400,72600,1,0,0,0,0,1,0,0,0,60.912865,51.240695
31800,66800,1,0,0,0,0,1,0,0,0,56.819695,60.822612
45600,86400,0,1,0,0,0,1,0,1,0,61.357564,72.11116
39900,77900,0,1,0,0,0,1,0,1,0,54.382825,65.818667
38600,79300,0,1,0,0,0,1,0,1,0,57.678783,70.293367
39600,94000,0,1,0,0,0,1,0,0,1,66.500831,64.912969
41700,88400,0,1,0,0,0,1,0,0,1,66.467065,68.295842
35100,86300,0,1,0,0,0,1,0,1,0,64.006257,69.645548
36500,75500,0,1,0,0,0,1,0,1,0,55.400252,78.544164
40400,91300,0,1,0,0,0,1,0,0,0,49.756098,69.025499
55500,170500,0,1,0,1,0,0,1,0,0,59.548753,57.68404
32700,93000,0,1,0,0,0,1,0,0,0,99.310344,64.285815
64300,110100,0,1,0,1,0,0,1,0,0,35.946462,46.624222
32200,79000,0,1,0,0,0,1,0,0,1,60.243905,77.762383
45500,91800,0,1,0,0,0,1,0,1,0,61.764705,62.191403
79800,143300,0,1,1,0,0,0,1,0,0,48.373455,58.26292
29400,84200,0,1,0,0,0,1,0,1,0,61.69045,77.100056
25000,89700,0,1,0,0,0,0,0,0,1,60.765553,35.447565
32300,86400,0,1,0,0,0,1,0,0,0,60.194176,73.39108
57200,119200,0,1,0,0,0,1,0,1,0,60.164833,67.006105
30000,73500,0,1,0,0,0,0,0,1,0,57.710278,73.663735
41800,102800,0,1,0,0,0,0,1,0,0,30.759573,49.287385
38900,78600,0,1,0,0,0,1,0,1,0,54.720616,65.980899
37500,68800,0,1,0,0,0,1,0,0,0,45.37445,62.066227
57600,42800,1,0,0,0,0,1,1,0,0,55.186212,46.454075
44300,52200,1,0,0,0,0,1,1,0,0,59.425551,49.788338
44400,49800,1,0,0,0,0,1,1,0,0,69.18084,38.337278
45200,41800,1,0,0,0,0,1,1,0,0,59.527689,32.534915
40700,32500,1,0,0,0,0,1,1,0,0,67.544484,30.575472
30900,35100,1,0,0,0,0,1,1,0,0,69.483566,15.341583
48200,63300,1,0,0,0,0,1,1,0,0,61.209625,53.708667
36400,36500,1,0,0,0,0,1,1,0,0,68.115944,27.062157
38800,101600,0,1,0,0,0,1,1,0,0,47.758284,47.148463
41900,77600,0,1,0,0,0,1,1,0,0,76.196808,55.639189
39500,87000,0,1,0,0,0,1,0,0,0,56.616801,73.855031
29700,63500,1,0,0,0,0,1,0,0,0,57.017136,58.23521
50300,93800,0,0,0,0,0,0,1,0,0,18.809524,56.111228
76600,185500,0,1,1,0,0,0,1,0,0,48.192772,56.92296
23400,55800,0,1,0,0,0,1,0,1,0,67.474532,44.057539
60300,208500,0,1,0,1,0,0,0,0,0,51.710099,64.97786
32700,68000,0,1,0,0,0,1,0,0,0,62.116992,55.900997
24400,52400,1,0,0,0,0,1,0,0,0,56.86838,42.483357
29800,91400,0,1,0,0,0,0,1,0,0,45.016077,37.91995
39900,77900,0,1,0,0,0,1,0,1,0,49.508196,75.439018
45100,90700,0,1,0,0,0,1,1,0,0,50.527424,60.700297
37600,71000,1,0,0,0,0,1,0,0,0,59.824783,58.209383
53700,149300,0,1,0,0,1,0,0,1,0,56.379426,59.033829
51300,99900,0,1,0,0,0,1,0,1,0,58.344805,51.821834
52900,117700,0,1,0,0,0,1,0,1,0,56.050956,66.448319
51100,98800,0,1,0,0,0,1,1,0,0,52.930731,58.771598
40900,56300,0,0,0,0,0,0,0,1,0,24.237382,41.34998
55100,136600,0,1,0,0,1,0,1,0,0,55.268019,59.422815
40700,57800,1,0,0,0,0,1,0,1,0,51.409137,67.50263
76000,95200,0,0,0,0,0,0,0,0,1,6.2146891,43.178764
36700,42600,0,1,0,0,0,1,0,0,0,76.016098,24.606214
27900,76900,1,0,0,0,0,1,0,0,1,47.337568,72.373933
45100,76600,0,1,0,0,0,1,0,1,0,50.50633,71.481633
48900,88900,0,1,0,0,0,1,1,0,0,58.928573,45.007131
44300,87300,0,1,0,0,0,1,0,1,0,67.833334,56.94741
45200,98100,0,1,0,0,0,1,0,0,1,76.029056,50.909108
35400,80500,0,1,0,0,0,1,0,1,0,56.550217,81.992364
45800,71500,0,1,0,0,0,1,1,0,0,57.090908,49.549663
57200,109600,0,1,0,0,0,1,0,1,0,59.797466,66.906774
55600,140400,0,1,0,0,0,1,1,0,0,59.077525,49.907449
34000,74400,0,1,0,0,0,1,0,1,0,61.494619,65.087605
87500,196000,0,1,1,0,0,0,0,0,0,48.711112,60.06999
51600,89100,0,1,0,0,0,0,0,1,0,8.118812,54.957736
56300,104000,0,1,0,0,0,1,1,0,0,58.823532,65.585172
45200,75800,0,1,0,0,0,1,1,0,0,78.637773,60.614693
33300,99100,0,1,0,0,0,1,0,1,0,56.312627,44.535008
41200,96000,1,0,0,0,0,1,0,0,0,58.909827,60.079682
27400,57600,1,0,0,0,0,1,0,0,0,48.710603,45.116279
43000,85700,1,0,0,0,0,1,1,0,0,58.344924,60.60605
33200,75600,1,0,0,0,0,1,0,0,0,56.413221,60.041434
35900,72500,0,1,0,0,0,1,0,0,0,53.144264,68.77172
45000,94900,1,0,0,0,0,1,1,0,0,55.151016,55.108076
25700,65300,1,0,0,0,0,1,0,0,0,53.374541,44.630757
44800,100100,1,0,0,0,0,1,0,1,0,59.008199,65.643591
33800,69700,1,0,0,0,0,1,0,0,0,57.618666,60.685867
39600,90700,0,1,0,0,0,1,0,0,0,60.330576,75.42572
38500,98400,1,0,0,0,0,1,0,1,0,60.770577,54.191947
34400,81600,0,1,0,0,0,1,1,0,0,57.971013,67.397976
27500,47200,1,0,0,0,0,1,0,0,1,54.474044,47.971797
37300,74600,1,0,0,0,0,1,0,0,1,55.034214,62.764186
33300,93900,0,1,0,0,0,1,1,0,0,67.514676,70.200974
41700,85900,1,0,0,0,0,1,0,0,1,57.797354,65.24502
38800,113100,0,1,0,0,0,1,0,0,0,55.010021,52.06424
30600,53100,0,0,0,0,0,0,0,0,0,32.158399,37.294537
40500,93300,0,1,0,0,0,1,0,1,0,71.932513,66.69603
34600,74800,1,0,0,0,0,1,1,0,0,58.141303,56.722277
29900,61100,1,0,0,0,0,1,0,0,0,57.191271,45.821381
31000,37400,1,0,0,0,0,1,0,0,0,58.964145,27.648056
50900,98100,0,1,0,0,0,1,1,0,0,63.819093,69.474488
48500,100200,0,1,0,0,0,1,0,1,0,63.913041,59.827423
47500,91400,0,1,0,0,0,1,1,0,0,73.498964,57.406598
47300,146000,0,1,0,0,1,0,0,0,0,61.042619,63.001317
65600,92400,0,1,0,0,0,1,0,0,0,15.838288,63.416588
44800,120500,0,1,0,0,1,0,1,0,0,57.164949,44.374913
46600,93400,0,1,0,0,0,1,1,0,0,71.900827,51.794374
29200,67500,0,1,0,0,0,0,0,0,0,52.865064,65.357649
40700,84000,0,1,0,0,0,1,0,0,0,52.507377,66.71294
67800,175700,0,1,0,1,0,0,0,0,0,55.201501,58.406121
37500,80100,1,0,0,0,0,1,0,1,0,60.918581,67.057979
47500,108400,0,1,0,0,0,1,1,0,0,67.708331,59.219152
37400,94700,0,1,0,0,0,1,0,0,0,59.923667,76.364201
33200,73800,0,1,0,0,0,1,0,1,0,56.160456,75.585812
27000,100200,1,0,0,0,0,1,0,0,1,58.20452,39.631587
69900,151500,0,1,0,0,0,1,1,0,0,56.006181,59.444529
48200,87000,0,1,0,0,0,1,1,0,0,54.14176,48.488015
28200,76300,0,0,0,0,0,0,0,0,1,90.67024,38.99537
36700,79800,1,0,0,0,0,1,1,0,0,83.393103,42.236808
26300,63500,0,1,0,0,0,1,0,0,0,55.197656,52.845579
28700,41400,1,0,0,0,0,1,0,0,0,58.564693,28.612798
40400,73300,0,1,0,0,0,1,1,0,0,71.269488,42.192465
42400,82500,1,0,0,0,0,1,0,1,0,41.809008,59.881938
37000,71100,0,1,0,0,0,1,0,0,0,38.845554,53.825051
27800,55800,0,1,0,0,0,0,1,0,0,72.011662,34.46407
45000,89500,1,0,0,0,0,1,1,0,0,59.411764,55.439347
40300,100900,0,1,0,0,0,1,0,0,0,64.460784,62.477404
39300,57000,1,0,0,0,0,1,0,0,0,58.136278,27.595103
40500,77100,1,0,0,0,0,1,0,0,0,58.641481,47.391012
30900,85500,0,1,0,0,0,0,0,0,0,50.566894,75.396061
27600,52900,1,0,0,0,0,1,0,0,0,55.801105,53.163081
39700,78900,1,0,0,0,0,1,0,0,0,59.868419,55.987275
59600,86300,0,1,0,0,0,1,0,0,0,33.741081,60.793817
46800,66700,1,0,0,0,0,1,0,0,0,57.409668,47.471055
29300,33400,0,1,0,0,0,1,0,0,0,55.46875,15.215114
38700,85400,0,1,0,0,0,1,0,0,0,61.500412,62.469363
30100,66600,1,0,0,0,0,1,0,0,0,56.834948,44.544125
46400,100500,1,0,0,0,0,1,0,0,0,58.2537,56.862932
22800,39200,0,0,0,0,0,0,0,0,0,42.261904,32.299599
37300,88800,0,1,0,0,0,1,0,1,0,69.300914,63.777643
63300,113300,0,1,0,0,1,0,1,0,0,59.130019,50.407398
38500,71100,1,0,0,0,0,1,0,1,0,52.48307,67.745829
32700,90600,1,0,0,0,0,1,0,0,1,44.285145,49.071598
30900,45100,1,0,0,0,0,1,0,0,0,51.793528,21.62244
15800,35100,0,0,0,0,0,0,0,0,0,80.748665,22.519137
34100,68500,1,0,0,0,0,1,0,0,0,61.019111,50.037467
29500,102500,0,1,0,0,0,1,0,1,0,62.348557,69.340795
57800,162900,0,1,0,1,0,0,1,0,0,48.954985,57.183206
44000,85300,0,1,0,0,0,1,0,1,0,52.052981,71.523273
39100,86300,0,1,0,0,0,1,1,0,0,49.68102,51.303923
40100,65800,0,1,0,0,0,0,0,1,0,62.666667,52.510393
34500,77500,0,1,0,0,0,1,0,0,0,54.565215,76.035464
37900,71100,0,1,0,0,0,1,0,0,1,69.294608,78.36647
35000,82200,0,1,0,0,0,1,0,1,0,56.08108,63.73685
28700,80400,0,0,0,0,0,0,0,0,0,11.588331,35.598376
48100,156700,0,1,0,0,1,0,0,0,0,56.217349,69.398355
21000,71200,0,1,0,0,0,0,0,0,0,53.191489,32.610452
49000,83300,0,1,0,0,0,1,1,0,0,59.756923,65.811163
37200,84800,0,1,0,0,0,1,0,0,0,57.575756,67.279464
37900,77800,0,1,0,0,0,1,1,0,0,54.895836,73.96397
39200,89000,0,1,0,0,0,1,0,0,1,61.192352,72.754705
56500,107500,1,0,0,0,0,1,0,0,0,57.14727,54.259735
63900,137300,0,1,0,1,0,0,0,0,0,56.304109,54.504699
44900,93600,0,1,0,0,0,1,0,0,0,57.876712,74.062014
84400,195100,0,1,0,1,0,0,0,0,0,53.783786,55.85084
40500,95100,1,0,0,0,0,1,0,0,0,61.381751,64.353776
78900,126000,1,0,0,0,1,0,0,0,0,29.301402,63.464087
40500,88100,1,0,0,0,0,1,0,0,0,51.575565,54.3338
37400,73400,1,0,0,0,0,1,0,0,0,62.313432,58.438325
38900,82200,1,0,0,0,0,1,0,0,0,63.036489,46.881202
41000,83300,0,1,0,0,0,1,1,0,0,97.811818,54.505438
58800,138500,0,1,0,0,1,0,1,0,0,53.139538,63.865715
34300,55900,1,0,0,0,0,1,0,0,0,48.82904,59.509158
28700,72300,0,0,0,0,0,0,0,1,0,67.625898,42.50845
44800,80300,0,1,0,0,0,1,0,0,0,49.77169,49.083677
54900,121100,0,1,0,0,1,0,0,0,1,53.070176,64.240348
37300,95900,0,1,0,0,0,1,1,0,0,64.966553,72.969699
29000,74100,1,0,0,0,0,1,0,0,0,56.751388,50.411117
37400,86900,0,1,0,0,0,1,0,1,0,60.198021,67.481667
41800,106300,0,1,0,0,0,1,0,0,0,70.53892,53.46781
30800,73100,0,1,0,0,0,1,0,1,0,58.246654,78.883553
39300,77200,0,1,0,0,0,1,0,1,0,57.478005,67.73985
30500,34300,1,0,0,0,0,1,0,0,0,53.739274,18.649273
36900,90000,0,0,0,0,0,0,0,0,1,67.826086,64.292312
41300,96400,1,0,0,0,0,1,0,1,0,59.756398,68.957132
38900,71800,0,1,0,0,0,1,0,1,0,66.802442,65.682054
28800,77300,1,0,0,0,0,1,0,0,1,56.756759,55.47474
31200,93200,0,1,0,0,0,1,1,0,0,44.753748,44.745073
37200,95400,0,1,0,0,0,1,0,0,0,47.780126,58.15593
33800,80000,0,1,0,0,0,1,0,1,0,46.901172,76.091379
47300,126400,0,1,0,0,1,0,0,1,0,56.591642,52.433735
36800,109900,0,1,0,0,0,1,0,0,0,52.263373,45.325154
28300,56700,1,0,0,0,0,1,0,0,0,56.32745,49.606222
53100,114000,0,1,0,0,1,0,0,1,0,56.466705,71.230143
52700,94700,0,1,0,0,0,1,1,0,0,77.758008,61.892176
33200,42400,0,1,0,0,0,0,0,0,0,29.953918,41.745961
60300,164600,0,1,0,1,0,0,1,0,0,52.515244,59.373504
47600,94300,0,1,0,0,0,1,0,1,0,64.071858,59.065008
59900,141200,0,1,0,0,0,1,0,0,0,0.79787234,64.348096
31200,119300,0,1,0,0,1,0,1,0,0,57.464457,38.644826
45900,79500,0,1,0,0,0,1,0,0,0,62.933528,30.182973
30600,71800,0,1,0,0,0,1,0,1,0,64.549178,74.982899
46300,107800,0,1,0,0,0,1,0,1,0,54.929578,71.513873
41400,98200,0,1,0,0,0,1,0,0,0,56.70886,80.366153
41600,91700,0,1,0,0,0,1,0,0,0,52.791625,76.722729
30200,89100,0,0,0,0,0,0,0,1,0,90.158731,48.321429
29700,45200,1,0,0,0,0,1,0,1,0,64.928907,24.533063
45900,94400,0,1,0,0,0,1,1,0,0,56.262833,58.056754
81500,174000,0,1,1,0,0,0,1,0,0,46.851698,53.324383
82400,139800,0,1,0,1,0,0,0,0,1,32.11382,54.920626
45000,82700,0,1,0,0,0,1,0,1,0,50.221568,72.057533
57200,174200,0,1,0,1,0,0,1,0,0,54.492414,55.709392
41100,68600,0,1,0,0,0,1,0,0,1,44.60094,51.349145
43000,80000,0,1,0,0,0,1,0,1,0,48.579162,64.127046
36200,63900,1,0,0,0,0,1,0,0,0,52.547979,61.445707
40900,107500,0,1,0,0,1,0,0,0,0,58.16555,58.341682
33500,65400,0,0,0,0,0,0,0,1,0,41.266796,44.848731
34700,63700,0,0,0,0,0,0,0,1,0,76.489025,52.038407
40800,86100,0,1,0,0,0,1,0,0,0,59.672761,57.912076
40200,66300,0,1,0,0,0,1,1,0,0,58.356941,55.927777
43300,78900,0,1,0,0,0,1,0,1,0,52.812499,59.423757
52700,120400,0,1,0,0,0,1,1,0,0,59.139782,50.780642
26800,38300,0,1,0,0,0,0,0,0,0,73.099416,41.394433
55700,105300,0,1,0,0,0,1,1,0,0,54.631382,50.488228
36400,110700,0,1,0,0,0,1,0,0,0,99.420851,53.818524
46400,83200,0,1,0,0,0,1,1,0,0,75.956285,61.592591
45800,92600,0,1,0,0,0,1,0,0,0,88.976377,54.918218
46800,114100,0,1,0,0,0,1,0,1,0,59.245282,74.272096
35300,85300,0,1,0,0,0,1,1,0,0,63.298488,73.098034
43100,93400,0,1,0,0,0,1,0,0,0,68.548387,60.902065
36800,69200,0,1,0,0,0,1,0,0,0,45.885286,64.601624
49600,76900,0,1,0,0,0,1,0,0,0,67.221195,27.662203
35500,96000,1,0,0,0,0,1,0,0,1,57.9638,49.118873
38100,87200,0,1,0,0,0,1,0,0,0,63.471502,61.219114
29500,81400,0,1,0,0,0,1,0,1,0,58.357769,82.354099
34300,60900,0,1,0,0,0,1,1,0,0,59.078211,58.215493
29900,71500,1,0,0,0,0,1,0,0,1,53.435117,70.970541
41000,80900,0,1,0,0,0,1,0,1,0,53.85735,68.08551
33200,81500,0,0,0,0,0,0,0,1,0,48.900294,40.956789
72300,91600,0,1,0,0,1,0,0,1,0,26.839238,60.234845
49000,107600,1,0,0,0,0,1,0,1,0,59.974402,67.588174
58000,120900,0,1,0,0,1,0,0,1,0,58.006644,68.047065
43100,92700,0,1,0,0,0,1,1,0,0,92.670155,60.332799
26500,54000,1,0,0,0,0,1,0,0,0,55.912936,43.095279
40700,67800,0,1,0,0,0,1,0,1,0,37.627119,50.337768
37800,82600,1,0,0,0,0,1,0,1,0,53.822351,61.656225
38800,77100,1,0,0,0,0,1,1,0,0,55.43977,58.088279
40100,99400,1,0,0,0,0,1,0,1,0,57.10901,59.864211
24900,51600,0,0,0,0,0,0,0,1,0,61.894673,28.933975
56200,97400,0,1,0,0,0,1,1,0,0,47.277629,51.727587
51900,92900,1,0,0,0,0,1,0,1,0,46.161339,70.147175
52500,117800,0,1,0,0,0,1,1,0,0,55.750489,57.237363
35600,52600,0,0,0,0,0,0,0,1,0,14.208721,41.760245
31700,37100,1,0,0,0,0,1,0,0,0,60.664022,20.84779
34300,69100,1,0,0,0,0,1,0,0,0,55.45612,54.831809
43700,85000,0,1,0,0,0,1,0,0,0,46.718147,54.242557
55900,134300,1,0,0,0,0,1,0,0,0,59.782374,66.406965
43100,75200,0,1,0,0,0,1,0,1,0,57.004833,67.858803
35300,86800,0,1,0,0,0,1,0,0,0,53.944564,81.902176
54500,101500,0,1,0,0,0,1,0,1,0,54.90368,65.741366
75000,142300,0,1,0,1,0,0,0,0,0,41.768512,56.499428
35200,75100,0,1,0,0,0,1,1,0,0,46.17593,41.242045
29400,82000,0,1,0,0,0,0,0,0,0,50.812066,78.989154
35900,83000,0,1,0,0,0,1,0,1,0,54.219407,71.100515
49500,92100,0,1,0,0,0,1,1,0,0,57.289296,68.300217
53700,139700,0,1,0,0,1,0,0,1,0,55.941117,58.756334
25300,98500,0,1,0,0,0,0,0,1,0,57.398373,40.753841
45600,92100,1,0,0,0,0,1,0,1,0,48.891681,69.983423
46900,79200,1,0,0,0,0,1,1,0,0,61.672586,50.013345
41500,97700,1,0,0,0,0,1,1,0,0,59.23022,58.371478
24800,40500,0,1,0,0,0,0,0,0,0,61.164331,35.896763
36600,99900,1,0,0,0,0,1,0,0,0,59.569985,61.514676
36800,78400,1,0,0,0,0,1,0,1,0,59.103358,56.936604
33400,77900,0,1,0,0,0,1,0,0,0,53.304595,75.846958
28200,54000,1,0,0,0,0,1,0,0,0,54.618877,33.855453
38800,82500,0,1,0,0,0,1,0,0,0,49.659863,65.304631
48000,168400,0,1,0,1,0,0,0,1,0,55.638474,52.355683
85400,100100,0,1,0,0,1,0,0,1,0,17.861886,69.364899
42100,67700,0,1,0,0,0,1,1,0,0,69.565219,63.045371
29900,60200,0,1,0,0,0,1,1,0,0,51.60839,47.914267
37100,76000,0,1,0,0,0,1,0,0,0,63.287669,70.002967
52400,89900,0,1,0,0,0,1,1,0,0,50.994575,64.980233
44700,99900,0,1,0,0,1,0,0,1,0,54.444444,57.451469
43100,94100,1,0,0,0,0,1,1,0,0,60.052156,61.679596
39800,78700,0,1,0,0,0,1,1,0,0,61.285269,57.308966
58700,101500,0,1,0,0,0,1,1,0,0,51.978767,60.929614
43200,81300,0,1,0,0,0,1,0,0,1,57.398373,56.604177
75300,156700,0,1,0,1,0,0,1,0,0,50.614756,64.583045
39400,100800,0,1,0,0,0,1,0,0,0,61.904764,65.587074
31200,76700,0,1,0,0,0,1,0,1,0,75.984251,52.591568
51400,116000,0,1,0,0,0,1,0,1,0,58.595192,57.693034
28100,59100,1,0,0,0,0,1,0,0,0,58.945119,49.919537
35700,75500,1,0,0,0,0,1,0,1,0,48.306841,60.599256
32800,84100,1,0,0,0,0,1,0,0,1,41.926345,44.216874
39200,75400,0,1,0,0,0,1,0,1,0,48.863637,56.202328
39400,77200,1,0,0,0,0,1,0,0,0,52.13387,55.771351
29500,72000,0,1,0,0,0,0,1,0,0,58.088237,82.795435
36100,83300,1,0,0,0,0,1,0,0,0,61.850154,60.396624
21700,179000,0,1,0,0,0,0,1,0,0,33.333334,26.200655
25300,38800,1,0,0,0,0,1,0,0,0,51.42349,21.023108
45300,74300,0,1,0,0,0,1,1,0,0,73.645318,47.036147
54600,95100,0,1,0,0,0,1,0,1,0,26.696834,58.825362
44500,111600,0,1,0,0,1,0,0,1,0,54.000002,58.409798
29700,67200,0,0,0,0,0,0,0,0,1,33.002129,39.659822
49400,89100,0,1,0,0,0,1,1,0,0,60.908192,60.158962
49000,92700,0,1,0,0,0,1,1,0,0,56.51359,71.686924
32400,78600,0,1,0,0,0,1,0,0,0,57.409823,71.565288
33100,83200,0,1,0,0,0,1,0,0,0,53.380781,57.779813
81200,138300,0,1,0,1,0,0,1,0,0,42.070484,62.970114
39400,91600,0,1,0,0,0,1,0,0,0,59.512937,65.434253
29500,96100,0,1,0,0,0,1,1,0,0,75.431609,44.186538
49300,85700,0,1,0,0,0,1,0,0,0,27.629912,72.522378
41600,119100,0,1,0,0,0,1,0,0,1,60.341728,47.775823
49300,93700,0,1,0,0,0,1,0,1,0,48.191759,56.415528
31800,66000,1,0,0,0,0,1,0,0,1,54.221386,62.077421
38000,80700,0,0,0,0,0,0,1,0,0,95.754719,47.049659
36800,73900,0,1,0,0,0,1,0,0,0,48.374999,52.594805
27700,73800,0,1,0,0,0,0,0,1,0,51.968503,78.667134
27600,81800,0,1,0,0,0,0,0,1,0,48.809522,45.176059
29100,75000,0,0,0,0,0,0,1,0,0,79.472142,36.055207
40600,69000,0,1,0,0,0,1,0,0,0,68.018019,73.43365
31300,57000,1,0,0,0,0,1,0,1,0,54.064274,43.271655
37400,47500,1,0,0,0,0,1,1,0,0,59.080458,20.173524
38500,91100,0,1,0,0,0,1,0,1,0,55.729729,63.167048
27500,49100,0,1,0,0,0,1,0,0,0,57.56824,55.525482
50100,105500,0,1,0,0,0,1,0,0,1,59.560722,66.808361
40300,106400,0,1,0,0,0,1,0,0,0,55.870163,71.781135
39600,76600,1,0,0,0,0,1,1,0,0,56.940061,63.95418
39900,59000,0,1,0,0,0,1,1,0,0,65.096402,39.831343
41800,105700,1,0,0,0,0,1,0,0,0,65.858841,66.737461
46300,94100,0,1,0,0,0,1,0,1,0,52.998066,69.963342
40500,84500,0,1,0,0,0,1,0,0,0,56.456953,66.209108
35600,66500,1,0,0,0,0,1,0,0,0,60.227275,50.042087
44000,94300,1,0,0,0,0,1,0,0,0,55.999571,59.937447
42200,81500,1,0,0,0,0,1,0,0,0,47.362813,63.0391
56200,131800,0,1,0,0,0,1,0,0,1,58.5958,50.929028
53500,98600,0,1,0,0,1,0,0,1,0,65.909094,54.464799
69800,151200,0,1,0,0,1,0,0,0,0,57.102501,64.23263
42800,113800,0,1,0,0,1,0,0,0,0,63.269323,48.883638
37900,71900,0,1,0,0,0,1,0,0,0,53.829324,74.171823
46300,101300,0,1,0,0,0,1,0,1,0,59.835583,70.731086
47100,83600,0,1,0,0,0,1,1,0,0,54.136127,63.568717
28300,149800,0,1,0,0,0,1,0,0,0,49.582636,39.734733
47000,115500,0,1,0,1,0,0,0,1,0,61.196738,52.667254
38600,75500,0,1,0,0,0,1,0,1,0,49.209931,58.458394
30400,74800,1,0,0,0,0,1,0,1,0,51.564175,49.18898
41400,100700,0,1,0,0,0,1,0,1,0,75.362319,65.781718
75900,85300,1,0,0,0,0,1,1,0,0,18.306637,65.256411
37500,79000,0,1,0,0,0,1,0,1,0,61.105722,74.268663
39900,81400,0,1,0,0,0,1,0,1,0,55.526316,67.333835
48900,95400,0,1,0,0,0,1,1,0,0,68.545657,46.64441
38400,70300,1,0,0,0,0,1,1,0,0,59.826589,60.28654
24200,68000,0,1,0,0,0,0,0,1,0,53.457445,81.171733
38900,80900,0,1,0,0,0,1,0,1,0,71.381032,63.236618
46800,85300,0,1,0,0,0,1,0,1,0,47.530866,65.604329
59500,119300,0,1,0,0,0,1,1,0,0,56.272399,59.980613
60100,124800,0,1,0,0,1,0,0,1,0,56.335974,67.371345
34300,72900,0,1,0,0,0,1,0,0,0,49.070099,60.237968
35400,76400,1,0,0,0,0,1,0,0,0,53.589088,57.341492
38700,81100,0,1,0,0,0,1,0,0,0,99.710143,50.08744
31300,117100,0,1,0,0,0,0,0,0,0,59.152216,45.220393
31300,104900,0,1,0,0,0,0,0,0,1,50.90909,38.332346
35800,91100,0,1,0,0,0,1,1,0,0,73.212671,38.395315
47000,91800,0,1,0,0,0,1,0,0,0,74.557823,53.409296
37700,84900,0,1,0,0,0,1,0,0,0,54.992199,66.435897
44600,92900,0,1,0,0,0,1,0,1,0,76.302081,70.417225
40500,80600,0,1,0,0,0,1,1,0,0,73.1677,59.956527
32700,98300,1,0,0,0,0,1,1,0,0,62.433153,39.92655
36900,81400,1,0,0,0,0,1,1,0,0,60.761344,51.782608
98500,141000,0,1,1,0,0,0,1,0,0,42.81022,55.613101
84800,105300,1,0,0,0,0,1,1,0,0,12.95972,60.545921
30700,87700,0,1,0,0,0,1,0,0,1,56.162244,77.954805
40000,68300,1,0,0,0,0,1,0,1,0,50.432277,63.806057
52100,108100,0,1,0,0,0,1,0,0,0,55.265611,63.902742
43500,79900,0,1,0,0,0,1,0,1,0,59.718668,71.22885
39900,78000,0,1,0,0,0,1,0,0,0,51.708764,67.09826
27400,95300,0,0,0,0,0,0,0,1,0,15.918367,46.367347
36300,75800,1,0,0,0,0,1,0,0,0,54.883718,56.691867
65500,94100,0,1,0,0,0,1,1,0,0,38.862306,55.137599
37200,70000,0,1,0,0,0,1,0,1,0,39.473686,51.457763
112700,83300,0,1,0,0,0,0,1,0,0,70.605189,65.790105
35700,72100,0,1,0,0,0,1,1,0,0,67.467248,53.300458
46400,90000,0,1,0,0,0,1,0,0,0,60.275543,60.117006
31100,50700,0,1,0,0,0,1,1,0,0,65.295774,34.477732
40900,87400,0,1,0,0,0,1,1,0,0,61.545581,58.972812
35500,107700,0,1,0,0,0,1,0,0,0,99.63603,71.022981
56700,109700,0,1,0,0,0,1,1,0,0,52.653342,62.110037
44100,97100,0,1,0,0,0,1,1,0,0,62.425148,76.547801
39300,68600,0,1,0,0,0,1,0,0,0,34.829593,53.155059
36500,87500,1,0,0,0,0,1,0,0,1,54.249519,51.013672
31300,37000,1,0,0,0,0,1,0,0,0,54.674441,32.839862
22900,46300,0,0,0,0,0,0,0,0,0,58.106995,31.845498
50400,118800,1,0,0,0,0,1,0,1,0,54.776019,65.573132
52600,120400,1,0,0,0,0,1,0,1,0,54.694319,62.562639
65900,98700,1,0,0,0,0,1,0,1,0,26.668745,66.637415
33800,82900,0,1,0,0,0,1,0,1,0,51.862067,71.916711
31600,62700,1,0,0,0,0,1,0,0,0,44.497895,47.811472
37100,89100,1,0,0,0,0,1,0,0,0,54.033566,59.366995
61800,219600,0,1,0,1,0,0,1,0,0,52.345955,60.015309
35900,58600,1,0,0,0,0,1,0,0,0,52.60191,53.919953
51500,73300,0,1,0,0,0,1,0,1,0,56.632656,74.961144
38000,70800,1,0,0,0,0,1,0,0,0,54.101008,61.209607
45400,93500,1,0,0,0,0,1,1,0,0,58.246797,63.759583
36700,85900,0,1,0,0,0,1,0,0,0,59.514171,77.361256
46500,96500,0,1,0,0,0,1,0,1,0,56.02625,64.298534
40200,79100,0,1,0,0,0,1,0,0,1,99.130434,47.200856
44600,110600,0,1,0,0,0,1,0,0,0,54.251009,63.539433
32200,89200,0,1,0,0,0,0,0,1,0,51.156813,48.988917
72700,91700,0,1,0,0,1,0,0,1,0,15.533088,64.008731
28000,92900,0,1,0,0,0,0,0,1,0,42.819148,42.526275
29900,73800,0,0,0,0,0,0,0,1,0,60.022026,43.632939
36900,77500,1,0,0,0,0,1,0,1,0,51.313466,58.507675
38000,64400,1,0,0,0,0,1,0,1,0,56.368071,65.897888
50200,85000,0,1,0,0,0,1,1,0,0,70.505619,65.359992
43000,93400,0,1,0,0,0,1,0,0,0,55.600983,76.006317
44100,90700,1,0,0,0,0,1,0,0,0,48.311326,64.538753
31900,68500,1,0,0,0,0,1,0,0,0,83.655912,62.81969
24900,28800,1,0,0,0,0,1,0,0,0,57.484078,19.37815
34600,85100,0,1,0,0,0,1,0,1,0,60.877192,69.145566
19400,42200,0,0,0,0,0,0,0,1,0,88.224953,32.572383
33200,63800,1,0,0,0,0,1,0,1,0,55.825245,65.075397
39800,87900,1,0,0,0,0,1,0,1,0,55.649376,68.457133
38100,63500,0,1,0,0,0,1,0,1,0,43.737167,57.555741
35100,68300,1,0,0,0,0,1,0,1,0,56.177926,60.997272
28500,98200,0,1,0,0,0,1,1,0,0,46.774194,38.548803
41500,88100,0,1,0,0,0,1,0,1,0,54.510307,68.62331
51900,110000,0,1,0,0,0,1,1,0,0,55.414015,56.945187
20400,28200,0,0,0,0,0,0,1,0,0,65.457809,14.089283
31500,66000,1,0,0,0,0,1,0,0,1,61.638319,57.57243
33600,56100,1,0,0,0,0,1,0,0,1,45.624104,61.411512
40400,84500,1,0,0,0,0,1,0,0,1,45.68907,62.624168
46700,68300,1,0,0,0,0,1,0,0,1,38.674581,62.296385
50000,86600,1,0,0,0,0,1,1,0,0,61.524165,52.040797
27400,78900,0,1,0,0,0,0,0,1,0,46.110591,79.610622
56200,97100,0,1,0,0,0,1,1,0,0,61.180127,65.276974
33000,65700,1,0,0,0,0,1,0,0,0,55.071062,63.076788
49800,81800,0,1,0,0,0,1,0,0,0,1.0027347,28.754547
39400,67100,0,1,0,0,0,1,0,1,0,63.405091,67.008138
40900,57700,0,1,0,0,0,1,1,0,0,71.232879,63.473904
48900,108700,0,1,0,0,1,0,1,0,0,99.670511,48.539832
30000,64900,0,1,0,0,0,1,1,0,0,58.463544,38.508904
35000,67100,0,1,0,0,0,1,0,1,0,75.547445,69.883466
34300,80800,0,1,0,0,0,1,0,1,0,98.4375,52.027094
43600,76500,0,1,0,0,0,1,0,1,0,71.803278,71.83367
47100,91700,0,1,0,0,0,1,1,0,0,70.53892,55.958039
52500,111700,0,1,0,0,0,1,0,0,0,53.067994,62.282288
44900,48500,0,1,0,0,0,1,0,0,1,98.8006,46.282801
34800,77200,0,1,0,0,0,1,0,1,0,57.751936,75.805026
60100,150300,0,1,0,0,1,0,1,0,0,57.692307,65.518183
24700,80500,0,1,0,0,0,0,0,0,1,55.000001,77.633077
36100,79800,1,0,0,0,0,1,0,0,0,56.134969,65.127045
15500,77400,0,0,0,0,0,0,0,0,1,18.768328,28.815848
41800,83100,0,1,0,0,0,1,0,1,0,50.131696,68.614471
15500,39100,0,0,0,0,0,0,0,0,0,86.813188,40.255103
45400,100500,0,1,0,0,0,1,1,0,0,74.024737,67.467672
49000,88200,0,1,0,0,0,1,0,1,0,54.989815,74.488354
40800,85200,0,1,0,0,0,1,1,0,0,56.799036,51.617986
36600,94400,0,1,0,0,0,1,1,0,0,48.811701,54.126394
33100,91600,0,0,0,0,0,0,1,0,0,32.022473,44.614711
33100,73500,0,0,0,0,0,0,1,0,0,22.100122,35.712895
39200,71400,0,1,0,0,0,0,1,0,0,15.509762,42.509678
41200,51600,1,0,0,0,0,1,1,0,0,55.976182,39.167926
71600,84000,1,0,0,0,0,1,1,0,0,19.858542,54.578364
33600,48500,1,0,0,0,0,1,0,0,1,51.759529,42.403561
55000,91800,1,0,0,0,1,0,0,0,1,24.398625,55.509168
33500,59300,1,0,0,0,0,1,0,0,1,53.544509,50.467598
32800,95800,0,1,0,0,0,0,1,0,0,64.910251,37.495244
37000,33500,1,0,0,0,0,1,1,0,0,44.50168,28.38347
49900,78500,0,1,0,0,0,1,1,0,0,37.4477,44.189641
58100,130500,0,1,0,1,0,0,1,0,0,59.816337,46.595636
37100,80400,0,1,0,0,0,1,0,0,0,44.494382,58.970016
45700,91400,0,1,0,0,0,1,0,1,0,61.538464,71.841276
46500,92300,0,1,0,0,0,1,1,0,0,58.451176,58.892775
38900,69800,1,0,0,0,0,1,0,0,0,59.549314,58.080882
56800,95300,0,1,0,0,0,1,1,0,0,37.612614,54.068261
34400,48000,1,0,0,0,0,1,0,0,0,60.959834,24.161606
34300,52600,1,0,0,0,0,1,0,0,0,51.628309,28.377649
32300,45600,1,0,0,0,0,1,0,0,0,58.376694,25.741327
52300,111400,1,0,0,0,0,1,0,0,0,41.859102,64.276087
34100,63100,0,1,0,0,0,1,0,0,0,58.504671,42.994827
48800,103700,0,1,0,0,0,1,0,1,0,59.042329,64.805901
28700,74000,0,1,0,0,0,1,0,1,0,58.531743,77.255654
50600,81900,1,0,0,0,0,1,0,1,0,43.7751,70.940554
32200,77100,0,1,0,0,0,0,0,0,0,54.160124,78.031665
40200,87200,0,1,0,0,0,1,0,1,0,57.589287,61.235207
28800,71200,1,0,0,0,0,1,0,0,1,48.708206,42.457801
34900,53300,1,0,0,0,0,1,0,1,0,61.777776,43.853366
33800,62100,1,0,0,0,0,1,0,0,0,55.165768,59.865856
61800,108300,0,1,0,0,1,0,1,0,0,49.538699,54.061365
48000,97700,1,0,0,0,0,1,0,1,0,53.998244,56.833208
36900,86400,1,0,0,0,0,1,0,0,0,57.645231,60.433835
35800,81000,1,0,0,0,0,1,0,1,0,52.195764,59.505987
31000,74600,0,1,0,0,0,1,0,1,0,53.796095,49.803078
29000,62200,1,0,0,0,0,1,0,0,0,52.875698,52.419978
41500,80900,1,0,0,0,0,1,0,1,0,57.694775,70.645201
34300,83800,0,1,0,0,0,1,0,0,1,55.822784,75.305003
38000,80400,0,1,0,0,0,1,0,0,1,67.398119,79.731214
38900,75300,0,1,0,0,0,1,0,1,0,62.369341,77.741343
26800,69400,1,0,0,0,0,1,0,1,0,50.260937,52.13725
35500,61400,1,0,0,0,0,1,0,0,0,49.759614,68.752855
32900,57700,1,0,0,0,0,1,0,0,0,60.027206,49.850595
72600,168500,0,1,0,1,0,0,0,1,0,53.292179,58.287686
45400,86000,0,1,0,0,0,1,0,1,0,41.703814,52.439684
54600,88200,0,1,0,0,0,1,1,0,0,24.420677,61.181688
45900,81100,0,1,0,0,0,1,0,0,0,98.280096,54.554474
43500,64000,0,1,0,0,0,1,0,0,0,69.615835,49.463427
31000,58400,0,1,0,0,0,1,1,0,0,59.517765,58.78588
27500,60300,0,1,0,0,0,1,0,1,0,50.814331,60.98212
43600,110600,1,0,0,0,0,1,0,1,0,62.697619,59.858543
38900,127100,0,1,0,1,0,0,0,1,0,57.048684,44.158658
49000,122400,0,1,0,1,0,0,0,0,1,58.859646,46.162519
42700,98600,0,1,0,0,0,1,0,0,0,60.4119,56.351686
37100,73700,0,1,0,0,0,1,0,1,0,70.726913,59.600896
63200,91300,0,1,0,0,0,1,0,1,0,49.284577,74.013734
42000,90900,1,0,0,0,0,1,0,1,0,55.466825,61.998034
46500,103000,0,1,0,0,0,1,0,1,0,51.92802,61.806375
39500,91700,0,1,0,0,0,1,0,0,0,60.557187,79.776967
36100,88100,0,1,0,0,0,1,0,0,0,50.622773,77.539432
39600,101700,0,1,0,0,0,1,0,0,0,66.200465,62.550265
33600,56900,1,0,0,0,0,1,0,0,0,48.451731,64.524555
45800,90000,1,0,0,0,0,1,0,0,0,51.569456,69.331813
30900,64600,1,0,0,0,0,1,0,0,0,49.16237,51.650965
33100,53900,1,0,0,0,0,1,0,0,0,29.280096,56.25686
44300,82400,1,0,0,0,0,1,0,0,0,58.188081,53.908259
34700,66600,0,1,0,0,0,1,0,1,0,42.619047,50.291985
35800,81400,0,1,0,0,0,1,0,1,0,55.41299,72.255009
30800,75700,1,0,0,0,0,1,0,0,1,52.808988,52.826023
32700,76600,0,1,0,0,0,1,0,0,0,59.393609,65.634054
51900,76400,1,0,0,0,0,1,0,0,1,41.577825,62.646729
50000,100600,1,0,0,0,0,1,0,0,1,47.778365,63.577116
47600,80500,0,1,0,0,0,0,0,0,1,71.774191,33.68251
34600,64200,0,1,0,0,0,0,0,0,1,44.791666,55.295604
42300,88100,0,1,0,0,0,1,0,1,0,61.349261,66.84373
40000,88300,0,1,0,0,0,1,0,0,0,55.462188,75.106061
36600,88400,0,1,0,0,0,1,0,0,0,74.74227,57.924396
37200,86500,0,1,0,0,0,0,0,0,0,85.842699,60.88649
38800,46000,0,1,0,0,0,1,0,0,0,76.923078,47.064355
25800,61400,0,1,0,0,0,0,0,1,0,51.071429,72.365808
60700,68600,0,1,0,0,0,1,1,0,0,59.507388,50.160986
47900,100900,0,1,0,0,0,1,0,0,1,62.100184,64.731389
50700,96400,0,1,0,0,0,1,0,0,1,53.648067,62.284768
47500,92700,0,1,0,0,0,1,0,0,1,62.083334,61.115921
34100,36800,0,1,0,0,0,1,0,0,0,70.738637,24.559337
36000,92200,0,1,0,0,0,1,0,0,0,65.927976,71.113503
29100,61900,1,0,0,0,0,1,0,0,0,53.040946,37.912983
43600,65300,0,1,0,0,0,1,0,1,0,34.929404,58.511174
34000,76300,0,1,0,0,0,0,1,0,0,29.100528,49.730739
23600,64900,1,0,0,0,0,1,0,0,1,50,45.821464
40800,73400,1,0,0,0,0,1,1,0,0,26.344728,59.854478
50900,95400,1,0,0,0,0,1,1,0,0,46.70752,59.939134
26500,58200,1,0,0,0,0,1,0,0,0,54.960889,46.888578
55800,124100,0,1,0,0,1,0,0,0,1,59.42623,58.536851
36000,64600,1,0,0,0,0,1,0,1,0,48.232847,63.694978
40200,83600,0,1,0,0,0,1,0,0,0,52.123553,66.4105
49900,99600,0,1,0,0,0,1,1,0,0,64.372468,55.356848
23500,32000,0,1,0,0,0,1,0,0,0,59.337348,15.624905
36000,81400,0,1,0,0,0,1,0,0,0,59.808612,62.659401
22700,44500,0,0,0,0,0,0,0,0,1,88.720262,40.590343
23300,52200,0,0,0,0,0,0,0,0,1,77.04348,47.37606
40900,75300,1,0,0,0,0,1,0,1,0,47.997478,69.063509
43500,131900,0,1,0,0,1,0,0,0,1,61.979169,47.573745
24500,48500,0,0,0,0,0,0,0,0,1,36.789298,34.60218
14200,38900,0,0,0,0,0,0,0,0,0,84.807259,39.269525
18800,29100,0,0,0,0,0,0,1,0,0,65.72327,17.339855
41000,94200,1,0,0,0,0,1,1,0,0,49.891067,57.570136
45900,113300,0,1,0,0,0,1,0,0,1,59.933555,73.149639
32800,79200,0,1,0,0,0,1,1,0,0,63.269639,50.5162
29700,59500,1,0,0,0,0,1,0,0,0,56.162578,48.806009
62000,161600,0,1,0,1,0,0,0,0,1,49.63899,53.814775
37200,86900,1,0,0,0,0,1,0,0,1,57.711154,51.88871
36800,57800,0,0,0,0,0,0,1,0,0,65.40404,40.314701
34800,45500,1,0,0,0,0,1,0,0,0,53.512281,21.562414
33200,96100,0,1,0,0,0,0,1,0,0,54.695338,37.531036
43900,118100,0,1,0,0,0,1,0,0,0,56.723714,72.028774
90700,218100,0,1,1,0,0,0,1,0,0,48.08566,59.495795
66300,139300,0,1,0,0,1,0,1,0,0,58.185118,66.16829
48800,103200,1,0,0,0,0,1,0,1,0,45.901701,65.345287
38300,99700,0,1,0,0,0,1,0,0,0,77.188331,64.001471
39600,84000,0,1,0,0,0,1,0,1,0,56.542057,68.771547
60000,127000,0,1,0,0,1,0,1,0,0,61.958855,62.135905
43500,101700,1,0,0,0,0,1,0,0,0,61.562765,62.968183
49600,106400,1,0,0,0,1,0,1,0,0,57.483315,53.628469
51200,121700,0,1,0,0,0,1,0,0,0,51.323831,69.598776
37400,107300,0,1,0,0,0,1,0,0,0,99.604744,53.184575
45600,81900,0,1,0,0,0,0,0,1,0,4.6052631,57.431048
36900,121900,0,1,0,1,0,0,0,0,1,54.603857,47.278172
45200,86900,0,1,0,0,0,1,1,0,0,99.315071,49.164632
47600,121400,0,1,0,0,0,1,0,0,1,59.295261,58.679026
31100,101500,0,1,0,0,0,1,0,0,0,51.862466,54.619956
84100,114200,0,1,0,1,0,0,1,0,0,24.807158,58.296639
41300,82700,1,0,0,0,0,1,1,0,0,67.198837,54.245234
37800,142800,0,1,0,0,0,0,1,0,0,63.157892,37.237072
52000,164400,0,1,0,0,1,0,0,0,0,56.793743,62.773508
76700,149200,0,1,0,1,0,0,0,0,0,47.732067,59.838897
48600,92700,1,0,0,0,0,1,1,0,0,57.658643,58.718365
51600,102100,0,1,0,0,0,1,1,0,0,55.847567,58.654559
33600,97000,0,1,0,0,0,0,0,0,0,45.300752,46.324903
45600,92100,0,1,0,0,0,1,0,1,0,53.095973,66.116375
46300,111800,0,1,0,0,0,1,0,0,0,61.405033,61.510849
48300,83600,0,1,0,0,0,1,1,0,0,43.260187,56.149328
30400,44800,0,1,0,0,0,0,0,1,0,65.992647,34.229666
34600,72600,0,1,0,0,0,1,1,0,0,65.960664,70.762569
62400,95700,0,1,0,0,0,1,1,0,0,30.209047,52.980506
48400,107300,0,1,0,0,0,1,0,1,0,54.400003,63.571829
38800,72600,0,1,0,0,0,1,0,0,1,51.870322,59.977025
50800,111600,0,1,0,0,0,1,1,0,0,52.450472,56.235588
31300,66500,1,0,0,0,0,1,0,0,0,57.548475,57.906514
42800,120800,0,1,0,0,1,0,0,0,0,59.917015,54.548091
37000,73500,0,1,0,0,0,1,0,1,0,66.982621,44.563264
83600,109500,0,1,0,1,0,0,0,1,0,20.248447,67.373663
51200,102400,1,0,0,0,0,1,1,0,0,54.155123,60.517949
22500,33000,0,1,0,0,0,1,0,0,0,59.025788,16.485083
58400,101000,1,0,0,0,1,0,1,0,0,54.075348,54.674983
57300,114500,0,1,0,0,0,1,1,0,0,56.754714,60.263324
35300,77900,0,1,0,0,0,1,1,0,0,81.325299,51.02998
40000,86500,1,0,0,0,0,1,0,1,0,56.382608,66.311318
48500,99200,0,1,0,0,0,1,0,1,0,55.087209,70.503324
59000,109700,0,1,0,0,0,1,1,0,0,56.209153,64.512104
23600,35100,0,1,0,0,0,0,0,1,0,72.596157,33.019233
26800,38800,0,1,0,0,0,1,0,0,0,52.82523,20.273936
53000,70500,0,1,0,0,0,1,1,0,0,55.200732,47.471333
51300,80200,0,1,0,0,0,1,1,0,0,58.490568,68.875158
46500,88200,0,1,0,0,0,1,1,0,0,56.915885,61.460036
27600,67800,1,0,0,0,0,1,0,0,0,55.04669,48.16778
66600,114300,0,1,0,0,0,1,0,1,0,0.37369209,70.965993
58900,69200,0,1,0,0,0,1,1,0,0,56.248236,48.702067
61200,96700,0,1,0,0,0,1,1,0,0,76.607281,65.575022
43200,94000,0,1,0,0,0,1,0,1,0,53.153151,69.097096
38000,77000,0,1,0,0,0,1,1,0,0,65.312046,61.345434
62400,144500,0,1,0,0,0,1,1,0,0,53.453571,63.641012
38000,57300,0,1,0,0,0,1,0,0,0,49.039385,50.968367
123600,92500,0,1,0,0,0,0,0,1,0,61.454546,75.29943
57100,119700,0,1,0,0,0,1,0,1,0,54.79908,65.712422
43100,130600,0,1,0,0,0,1,0,1,0,99.630314,68.728763
55200,110500,0,1,0,0,0,1,0,0,1,60.431653,54.684269
49700,76700,0,1,0,0,0,1,0,0,0,59.81735,57.456702
45100,105900,0,1,0,0,0,1,0,1,0,55.982906,63.550103
49500,119100,0,1,0,0,0,1,1,0,0,54.957509,61.028093
47100,106700,0,1,0,0,0,1,0,1,0,59.837878,68.649191
48600,124700,0,1,0,0,1,0,0,1,0,58.606172,67.580199
45500,59700,0,1,0,0,0,1,1,0,0,48.771408,44.284081
35300,37500,0,1,0,0,0,1,0,0,0,56.800002,38.178521
47600,90200,0,1,0,0,0,1,1,0,0,51.447368,66.334718
44500,82800,0,1,0,0,0,1,0,1,0,66.694283,58.140415
32500,84200,0,1,0,0,0,1,0,0,0,98.833817,54.392195
42400,87100,1,0,0,0,0,1,1,0,0,63.075656,54.576701
49700,117500,0,1,0,0,0,1,1,0,0,67.346936,58.133811
43000,84000,1,0,0,0,0,1,0,0,0,58.954275,59.535474
40800,131000,0,1,0,0,0,1,0,0,0,61.919832,77.055091
51000,100500,1,0,0,0,0,1,0,0,1,58.817393,54.928756
45800,87200,1,0,0,0,0,1,0,0,1,61.682242,43.866751
56500,91700,1,0,0,0,0,1,0,0,1,50.756073,50.8681
21900,50600,0,0,0,0,0,0,0,1,0,73.920703,33.499491
24200,49700,0,0,0,0,0,0,0,0,0,56.933486,29.052219
17100,39400,0,0,0,0,0,0,0,0,1,85.329342,40.133262
72500,149900,0,1,0,0,1,0,0,0,1,55.001682,61.054605
30300,66400,1,0,0,0,0,1,0,0,0,51.570642,46.646923
32900,90200,0,0,0,0,0,0,0,0,1,50.349653,36.691275
34300,146500,0,1,0,0,1,0,1,0,0,73.170733,36.256689
32400,114900,0,1,0,0,0,0,0,0,0,46.066177,40.32625
29400,45400,1,0,0,0,0,1,0,0,0,52.008033,27.794608
29900,61100,0,0,0,0,0,0,0,0,0,15.03268,30.534223
25500,105800,0,1,0,0,0,0,0,1,0,61.876482,37.40305
37400,95200,0,0,0,0,0,0,1,0,0,48.340639,39.543951
39600,82300,0,1,0,0,0,1,0,0,0,56.174332,57.976621
46400,126300,0,1,0,1,0,0,0,0,1,99.459457,54.493582
27800,71800,1,0,0,0,0,1,0,0,1,58.443671,33.638021
39100,104200,0,1,0,0,0,1,0,0,1,66.996509,73.375297
55400,105700,0,1,0,0,0,1,0,0,1,62.2293,55.315942
29300,63100,1,0,0,0,0,1,0,0,0,51.67653,44.812784
56900,100900,0,1,0,0,0,1,1,0,0,51.865304,50.783449
33800,62900,0,1,0,0,0,1,1,0,0,84.25197,54.942012
24200,37800,0,1,0,0,0,1,0,0,0,48.820326,19.834816
35300,61800,1,0,0,0,0,1,0,1,0,55.079007,61.649734
41200,100000,0,1,0,0,0,1,0,0,0,54.527164,57.055336
37900,83400,1,0,0,0,0,1,0,0,0,55.528498,58.119011
47500,93000,1,0,0,0,0,1,1,0,0,53.962898,67.126411
37400,84000,0,1,0,0,0,1,0,0,0,65.360504,66.084617
61100,116800,0,1,0,0,0,1,1,0,0,53.573263,66.079527
37100,87000,0,1,0,0,0,1,0,1,0,63.352829,60.820341
50900,89800,0,1,0,0,0,1,1,0,0,98.751736,58.543897
48800,80800,0,1,0,0,0,1,0,1,0,58.924729,75.015962
27800,72700,0,1,0,0,0,1,0,0,1,63.975155,76.154375
47500,175400,0,1,0,0,1,0,1,0,0,58.233172,51.581872
40600,79200,1,0,0,0,0,1,1,0,0,57.662541,65.086353
46600,114900,0,1,0,0,1,0,1,0,0,99.381328,50.138235
24300,76900,1,0,0,0,0,1,0,0,1,54.505497,79.07837
46400,113700,1,0,0,0,0,1,0,0,1,65.846491,55.822396
33500,42000,1,0,0,0,0,1,0,0,0,55.852485,26.261267
26600,44400,1,0,0,0,0,1,0,0,0,53.615957,48.078376
29200,62900,1,0,0,0,0,1,0,0,0,52.441859,48.487431
32600,61600,1,0,0,0,0,1,0,0,1,42.214534,38.109297
27500,23900,1,0,0,0,0,1,0,0,0,52.037561,38.526481
22700,40700,0,0,0,0,0,0,0,0,0,75.649351,37.247777
38500,85200,1,0,0,0,0,1,0,1,0,58.665735,65.591794
34000,72700,1,0,0,0,0,1,0,0,0,58.567673,52.056783
34100,58700,1,0,0,0,0,1,0,0,0,50.475585,61.938673
33400,67000,0,1,0,0,0,1,0,0,0,53.757226,70.622164
42700,80500,0,1,0,0,0,1,0,0,0,56.267411,62.534988
35300,60500,1,0,0,0,0,1,0,0,0,54.274082,55.880272
43400,91300,1,0,0,0,0,1,1,0,0,57.690543,48.317012
42000,87300,1,0,0,0,0,1,0,1,0,46.276399,54.960293
41400,87400,1,0,0,0,0,1,0,1,0,57.201391,63.231206
55400,176400,0,1,0,0,1,0,0,0,0,54.548001,58.849925
41500,83000,0,1,0,0,0,1,0,0,0,51.334703,72.733039
42700,85800,0,1,0,0,0,1,1,0,0,50.821829,55.795521
34400,84400,1,0,0,0,0,1,0,0,1,56.656808,53.63065
54800,92400,1,0,0,0,0,1,0,0,0,15.176909,56.924075
34200,38600,1,0,0,0,0,1,0,0,0,55.626732,21.273299
27300,32100,1,0,0,0,0,1,0,0,0,61.509436,16.886793
28700,81700,1,0,0,0,0,1,0,0,1,58.900952,77.956837
15700,84500,0,1,0,0,0,0,0,0,0,59.728509,78.086853
31500,72000,0,1,0,0,0,1,0,1,0,60.6264,73.558074
18900,40900,0,0,0,0,0,0,0,0,0,66.90442,30.817133
37100,66100,0,1,0,0,0,1,0,0,0,51.020408,62.882984
32400,70400,0,1,0,0,0,0,0,0,0,53.448278,70.723516
42600,71300,0,1,0,0,0,1,0,1,0,43.459916,63.350689
37300,61700,1,0,0,0,0,1,0,0,0,57.312423,67.798269
50000,130600,0,1,0,0,1,0,0,0,0,57.770634,64.183152
49300,62100,0,0,0,0,0,0,0,0,0,8.7030716,59.114587
49800,84500,0,1,0,0,0,1,0,0,0,99.508774,32.187304
35500,81800,0,1,0,0,0,1,0,1,0,62.225705,72.245246
45100,107000,0,1,0,0,0,1,0,0,0,59.79827,61.32676
55500,105300,0,1,0,0,0,1,1,0,0,48.819742,59.201908
52000,103300,0,1,0,0,0,1,1,0,0,50.583243,57.125866
28500,49400,0,1,0,0,0,0,0,0,0,62.5,58.139205
41500,84800,0,1,0,0,0,1,0,1,0,98.728812,60.108846
42600,101100,0,1,0,0,0,1,0,0,0,57.104558,49.688423
34500,110900,0,1,0,0,1,0,0,0,0,47.513813,49.136436
49400,108400,0,1,0,0,1,0,1,0,0,53.267044,56.422293
29600,60900,1,0,0,0,0,1,0,0,0,55.269355,43.100587
84800,172600,0,1,1,0,0,0,0,0,1,50.714445,54.568028
27700,62400,1,0,0,0,0,1,0,0,0,55.38972,43.848246
56300,98000,1,0,0,0,0,1,1,0,0,50.775719,52.217847
52700,95300,1,0,0,0,0,1,1,0,0,46.327883,56.418443
44200,85600,1,0,0,0,0,1,1,0,0,39.14969,42.007616
46300,91900,1,0,0,0,0,1,1,0,0,64.093429,51.628375
60100,73600,1,0,0,0,1,0,1,0,0,49.581456,47.865036
44600,91400,1,0,0,0,0,1,1,0,0,59.097862,56.725562
39400,83800,1,0,0,0,0,1,1,0,0,61.796534,58.17343
51300,78000,1,0,0,0,0,1,1,0,0,45.774648,59.397799
41900,89300,1,0,0,0,0,1,0,0,0,59.569466,59.920651
32900,94500,0,1,0,0,0,1,0,1,0,95.999998,53.839111
35000,71600,0,1,0,0,0,1,0,1,0,53.821653,69.550425
44500,98300,0,1,0,0,0,1,0,0,0,55.888975,59.183782
23200,61000,0,1,0,0,0,0,0,0,1,65.06024,57.358158
92100,96000,0,1,0,0,1,0,1,0,0,25.8248,59.24843
55200,99000,0,1,0,0,0,1,0,0,0,70.458335,66.117537
29600,37200,0,1,0,0,0,1,0,0,0,51.773047,20.755719
64500,123800,0,1,0,0,0,1,1,0,0,58.512717,64.808553
34200,52700,0,0,0,0,0,0,0,0,0,59.053832,32.198945
47600,88100,0,1,0,0,0,1,1,0,0,59.149724,49.45645
37100,45000,1,0,0,0,0,1,0,0,0,44.509345,52.143162
27700,60900,0,0,0,0,0,0,0,0,0,53.769994,45.836714
44000,94300,1,0,0,0,0,1,1,0,0,60.438412,64.431745
43500,86800,1,0,0,0,0,1,1,0,0,58.733332,63.364959
38400,77700,1,0,0,0,0,1,1,0,0,63.069475,53.632516
50600,94500,1,0,0,0,0,1,1,0,0,60.479039,63.946134
51500,107400,1,0,0,0,1,0,1,0,0,64.848125,66.46446
39200,48400,1,0,0,0,0,1,1,0,0,61.885792,33.014035
45900,92700,1,0,0,0,0,1,1,0,0,60.468799,54.469556
45200,85900,1,0,0,0,0,1,1,0,0,55.968404,57.279271
36200,103100,1,0,0,0,0,1,1,0,0,54.685575,37.206349
34200,71700,1,0,0,0,0,1,1,0,0,39.403552,47.870165
30700,54000,1,0,0,0,0,1,1,0,0,39.360082,42.804718
38400,66700,1,0,0,0,0,1,1,0,0,26.29723,51.33332
30300,52600,1,0,0,0,0,1,1,0,0,40.577507,46.526378
34400,63600,1,0,0,0,0,1,1,0,0,39.236546,45.186087
39000,76000,1,0,0,0,0,1,1,0,0,44.645798,47.361469
90500,103800,1,0,0,0,0,1,1,0,0,13.333334,60.42431
49700,89900,1,0,0,0,0,1,1,0,0,44.272447,59.346414
52900,113300,0,1,0,0,0,1,1,0,0,57.315236,66.306734
56700,135900,0,1,0,1,0,0,1,0,0,52.717948,51.523697
39000,109900,0,1,0,0,0,1,0,0,0,99.481863,54.520142
61100,119700,0,1,0,0,1,0,1,0,0,55.216485,54.729086
32800,74000,0,1,0,0,0,1,0,1,0,45.28302,76.064676
41000,75900,1,0,0,0,0,1,0,0,0,52.602357,69.047302
34200,102100,0,1,0,0,0,1,0,1,0,54.199773,76.109856
46700,82700,1,0,0,0,0,1,1,0,0,59.55506,47.447142
36200,52600,1,0,0,0,0,1,0,0,0,61.925602,28.798807
39700,78400,1,0,0,0,0,1,0,0,0,45.995894,68.043751
36300,71800,0,1,0,0,0,1,0,0,0,66.564417,68.136925
42800,35400,1,0,0,0,0,1,0,0,0,61.046511,49.03383
59400,119400,1,0,0,0,1,0,0,0,0,51.724946,72.902215
38000,72800,1,0,0,0,0,1,0,0,0,53.730512,60.073853
43400,81700,1,0,0,0,0,1,0,0,0,60.050571,58.638573
39800,47700,1,0,0,0,0,1,0,0,0,43.98542,49.503097
52200,142700,0,1,0,0,1,0,0,0,0,59.044099,68.125921
47600,92800,0,1,0,0,0,1,0,0,0,54.934824,67.613995
27700,36300,1,0,0,0,0,1,0,0,0,49.746042,16.192685
44000,100900,1,0,0,0,0,1,0,0,0,58.667696,60.760945
48800,110300,1,0,0,0,0,1,0,0,0,48.786646,66.575867
42000,62800,0,1,0,0,0,1,0,0,0,62.096775,51.739711
40200,82600,1,0,0,0,0,1,0,0,0,96.236557,55.806196
36300,69500,0,1,0,0,0,1,1,0,0,49.271524,60.255367
37500,79300,1,0,0,0,0,1,1,0,0,49.401197,69.504958
38000,60700,0,1,0,0,0,1,1,0,0,48.275861,63.090479
45600,89700,0,1,0,0,0,1,0,0,0,43.366879,68.076438
38400,75400,0,1,0,0,0,1,0,1,0,41.577062,54.42614
45200,98300,0,1,0,0,0,1,0,0,0,56.666666,66.240519
34000,79400,0,1,0,0,0,1,0,0,0,56.955808,71.782333
50800,83700,0,1,0,0,0,1,0,1,0,32.167831,72.922248
37800,92700,0,1,0,0,0,1,0,1,0,63.265306,73.882031
67300,198000,0,1,0,0,1,0,1,0,0,48.580787,50.442004
33700,86400,0,1,0,0,0,1,0,1,0,54.054052,75.025427
58100,153200,0,1,0,0,1,0,0,0,0,50.831354,62.086594
38200,65400,0,1,0,0,0,0,1,0,0,90.303028,56.921661
35800,64400,1,0,0,0,0,1,0,0,0,54.307115,56.60482
32200,103100,0,1,0,0,0,0,0,0,0,44.396552,56.884831
46400,104700,1,0,0,0,0,1,0,1,0,59.582245,70.734173
73100,187900,0,1,0,1,0,0,1,0,0,54.974449,58.737248
37100,67600,0,1,0,0,0,1,0,0,0,41.534391,54.885477
38900,54400,0,1,0,0,0,1,0,0,0,57.844388,30.835351
66600,134700,0,1,0,0,1,0,1,0,0,49.793389,62.193918
38900,89300,0,1,0,0,0,1,0,0,0,63.349915,82.592905
15300,21200,0,1,0,0,0,0,1,0,0,1.3761468,94.151753
38100,80600,0,0,0,0,0,0,0,0,1,15.024631,42.786416
35700,74300,1,0,0,0,0,1,0,1,0,50.390828,54.306358
44300,106100,1,0,0,0,0,1,0,0,0,54.905641,62.557709
38100,74600,1,0,0,0,0,1,0,0,0,60.29126,49.367833
45800,91300,1,0,0,0,0,1,0,0,0,49.869043,61.150283
35300,85000,1,0,0,0,0,1,0,0,1,53.270841,52.311498
45800,93400,1,0,0,0,0,1,0,0,0,50.233305,65.144235
27800,58400,1,0,0,0,0,1,0,0,0,54.043865,55.79021
30900,62900,1,0,0,0,0,1,0,0,0,59.017074,48.153365
31400,58800,1,0,0,0,0,1,0,0,0,53.527606,53.768307
28200,35400,1,0,0,0,0,1,0,0,0,51.620114,19.208598
31900,56600,0,1,0,0,0,1,1,0,0,61.9403,36.047974
67900,114700,1,0,0,0,1,0,0,0,1,53.369856,49.893191
61600,109400,1,0,0,0,0,1,0,0,1,58.041376,56.190777
60400,92100,1,0,0,0,1,0,0,0,1,52.984691,50.187969
65800,105500,1,0,0,1,0,0,0,0,1,56.020278,50.893259
52800,75000,1,0,0,0,0,1,0,0,1,55.040181,50.917256
65300,111300,1,0,0,0,1,0,0,0,1,53.971821,54.166245
58800,124000,1,0,0,0,1,0,0,0,1,56.352043,54.432124
46100,115400,1,0,0,0,0,1,0,0,1,56.711745,44.379935
38800,77200,1,0,0,0,0,1,0,0,0,59.309882,61.760318
46000,91200,1,0,0,0,0,1,0,0,0,54.534453,56.590831
38900,83800,1,0,0,0,0,1,0,1,0,53.526109,66.453302
37800,77500,1,0,0,0,0,1,0,0,0,58.657479,64.525205
38000,77700,0,1,0,0,0,1,0,0,0,63.966483,62.892014
61700,132000,0,1,1,0,0,0,0,1,0,50.837195,50.651628
39100,85200,1,0,0,0,0,1,0,1,0,49.907199,54.442739
48300,128200,1,0,0,0,0,1,0,0,1,51.252341,56.645828
56700,110300,1,0,0,0,1,0,1,0,0,54.140127,59.301078
44200,116700,0,1,0,0,0,1,0,0,0,59.691912,62.417471
57300,128400,0,1,0,0,0,1,0,1,0,51.89178,69.250166
57700,131400,1,0,0,0,0,1,0,0,0,59.043479,62.722343
51200,152000,0,1,0,0,0,1,0,0,1,52.865982,56.355536
45600,85200,0,1,0,0,0,1,0,1,0,53.631288,52.606511
41600,96700,0,1,0,0,0,1,0,1,0,62.664819,68.099409
39900,81800,0,1,0,0,0,1,0,1,0,59.743434,63.854963
56700,106100,1,0,0,0,1,0,0,0,0,55.907649,60.54576
49900,127400,1,0,0,0,1,0,0,0,0,58.411574,65.955752
47400,106300,0,1,0,0,0,1,1,0,0,49.659401,50.857264
35600,75200,1,0,0,0,0,1,0,0,1,52.249587,43.641827
45400,65700,1,0,0,0,0,1,0,0,0,55.881077,49.37464
41300,86600,1,0,0,0,0,1,0,0,1,48.020545,64.237285
59700,109000,1,0,0,0,1,0,0,1,0,51.503074,60.310549
40600,86100,0,1,0,0,0,1,0,1,0,64.23797,66.014224
52600,114700,1,0,0,0,0,1,0,1,0,55.351979,65.22004
47300,116600,1,0,0,0,0,1,0,1,0,53.551483,62.197393
40100,98800,1,0,0,0,0,1,0,0,0,51.194721,61.528373
48600,72300,0,1,0,0,0,1,0,0,1,63.200933,52.343291
39200,75800,1,0,0,0,0,1,0,0,0,55.266213,54.544735
35000,59700,1,0,0,0,0,1,0,0,0,62.067872,53.732902
39800,87400,1,0,0,0,0,1,0,0,0,52.718574,58.415246
34300,72600,1,0,0,0,0,1,1,0,0,56.717867,55.241311
49800,79700,0,1,0,0,0,1,0,1,0,61.317569,76.345414
40100,83700,0,1,0,0,0,1,0,0,0,61.818182,69.769478
50000,133800,1,0,0,0,0,1,0,0,0,69.395465,66.125917
53500,102800,1,0,0,0,1,0,0,0,0,55.826402,51.65112
40100,53900,1,0,0,0,0,1,0,0,0,33.891153,52.660525
51700,100000,1,0,0,0,0,1,1,0,0,51.549858,54.373878
36100,83000,1,0,0,0,0,1,0,0,0,57.744789,48.507318
54800,110100,0,1,0,1,0,0,0,0,0,56.169146,48.479277
68700,156100,1,0,0,0,1,0,0,1,0,51.844788,59.349805
50200,105200,1,0,0,0,0,1,0,1,0,50.64255,59.465629
38700,94500,1,0,0,0,0,1,0,1,0,63.396007,62.214154
48800,101600,1,0,0,0,1,0,0,1,0,52.511138,62.610161
43300,109100,1,0,0,0,0,1,0,0,0,51.830286,64.084941
48800,103000,1,0,0,0,0,1,0,1,0,51.824635,64.68268
31300,77600,0,1,0,0,0,1,0,0,0,63.588393,66.848719
34600,82400,1,0,0,0,0,1,0,0,1,52.602381,55.552334
32200,59700,1,0,0,0,0,1,0,0,1,52.871621,64.45362
34900,87700,1,0,0,0,0,1,0,0,0,70.107961,61.203992
38100,57100,0,1,0,0,0,1,0,0,0,50.215518,57.902265
44100,83400,0,1,0,0,0,1,0,1,0,56.684142,68.193728
45200,89400,1,0,0,0,0,1,0,1,0,51.738536,68.910116
41500,90400,1,0,0,0,0,1,0,0,1,54.300064,49.966329
45900,103500,1,0,0,0,0,1,0,0,1,54.097253,58.255136
48100,89600,0,1,0,0,0,1,1,0,0,75,59.141123
49100,109900,1,0,0,0,0,1,1,0,0,58.09049,61.513877
49800,84900,0,1,0,0,0,1,1,0,0,40.43977,51.93671
34900,73900,1,0,0,0,0,1,0,0,1,57.00525,49.551368
36500,66400,1,0,0,0,0,1,0,0,0,55.952781,44.694382
36000,80300,1,0,0,0,0,1,0,0,0,57.775021,64.542055
36500,90600,1,0,0,0,0,1,0,0,0,56.408542,55.898976
54200,129500,1,0,0,1,0,0,0,0,0,61.003566,63.26949
42700,92300,1,0,0,0,0,1,0,0,0,55.613047,59.514904
36800,88700,1,0,0,0,0,1,0,0,0,69.92386,56.667459
33100,63600,1,0,0,0,0,1,0,0,0,53.836894,49.25535
41700,106500,1,0,0,0,0,1,0,0,0,62.080002,59.900403
32000,106800,1,0,0,0,0,1,0,0,0,41.794312,41.158786
49400,90000,1,0,0,0,0,1,0,1,0,47.278208,67.548597
42400,88900,1,0,0,0,0,1,0,0,0,59.247506,59.389329
40700,96300,1,0,0,0,0,1,0,0,0,62.399596,68.437022
42000,98700,1,0,0,0,0,1,0,0,0,57.823056,56.150842
40900,99000,1,0,0,0,0,1,0,0,1,58.478504,64.077163
45800,88700,1,0,0,0,0,1,0,1,0,59.697509,73.745334
32800,79700,0,1,0,0,0,1,0,1,0,62.457913,76.89274
78800,165400,0,1,0,1,0,0,0,1,0,46.675828,67.53
47200,98500,1,0,0,0,0,1,0,0,0,49.654567,64.282191
43700,108700,1,0,0,0,0,1,0,0,1,55.445677,55.314064
91800,175300,0,1,1,0,0,0,1,0,0,49.685818,58.600765
35200,56000,0,0,0,0,0,0,0,0,1,53.35145,50.94431
32000,57400,0,1,0,0,0,1,0,0,0,55.086374,58.478713
48900,91200,1,0,0,0,1,0,1,0,0,53.796375,60.000378
56100,117600,0,1,0,0,0,1,0,0,1,59.042883,66.868776
51400,129700,0,1,0,0,1,0,0,0,1,60.011375,57.345718
47700,108400,0,1,0,0,0,1,0,0,1,57.885903,56.49572
53400,105900,1,0,0,0,0,1,1,0,0,55.134767,57.561028
69600,180600,0,1,0,1,0,0,0,0,0,51.417768,66.693622
27900,60300,0,1,0,0,0,1,0,1,0,57.249767,59.015089
62000,129200,0,1,0,1,0,0,1,0,0,45.448416,57.124299
38600,83700,0,1,0,0,0,1,0,1,0,63.21094,68.92966
48500,91600,0,1,0,0,0,1,0,1,0,62.591434,66.536272
45800,86600,0,1,0,0,0,1,1,0,0,99.546486,52.178866
48600,90600,0,1,0,0,0,1,0,0,0,64.544141,52.544707
57400,122900,0,1,0,0,0,1,0,1,0,52.997363,67.593151
61200,139300,0,1,0,0,1,0,0,0,1,64.205819,58.574003
56900,106900,0,1,0,0,0,1,0,0,1,66.355139,48.220393
28400,59400,1,0,0,0,0,1,0,0,0,60.186625,56.930727
60000,120200,0,1,0,0,0,1,1,0,0,57.036453,65.840173
42600,78600,0,1,0,0,0,1,0,1,0,53.246754,82.188666
36700,76700,1,0,0,0,0,1,0,0,0,60.879284,56.066066
39600,85400,1,0,0,0,0,1,0,0,0,58.188897,56.708586
39600,71600,1,0,0,0,0,1,0,1,0,52.128643,67.618221
42400,80500,1,0,0,0,0,1,0,0,0,59.622711,55.096859
63700,120100,0,1,0,1,0,0,0,0,1,50.873554,50.037253
35400,83700,1,0,0,0,0,1,0,1,0,56.993008,63.254517
37200,76700,1,0,0,0,0,1,0,0,0,61.113393,56.439006
44700,92900,0,1,0,0,0,1,0,0,0,62.253696,50.051349
42000,99200,1,0,0,0,0,1,0,0,0,54.312623,62.256122
39300,31700,1,0,0,0,0,1,0,0,0,55.733901,45.201543
46500,83600,1,0,0,0,0,1,0,0,0,53.571427,57.149899
57900,125100,1,0,0,0,1,0,0,0,0,51.875508,59.126681
29800,26400,1,0,0,0,0,1,0,0,0,55.944747,42.932925
57100,100800,1,0,0,0,1,0,0,0,0,43.134716,57.260406
38400,42400,1,0,0,0,0,1,0,0,0,52.431458,47.65313
43000,74300,1,0,0,0,0,1,0,0,0,54.766494,53.51193
40600,80500,1,0,0,0,0,1,0,0,0,65.145987,69.532216
43300,64200,1,0,0,0,0,1,0,0,0,58.374387,62.275636
28700,100600,0,1,0,0,0,0,1,0,0,52.395672,39.312306
36000,67000,0,1,0,0,0,1,0,0,0,50.472587,67.29756
30100,40000,1,0,0,0,0,1,0,0,0,63.775027,14.535612
40200,69900,0,1,0,0,0,1,0,0,0,69.021738,49.943516
40300,72600,0,1,0,0,0,1,0,0,0,48.598132,61.283273
59000,96500,0,1,0,0,0,1,0,0,1,60.280627,59.446138
102700,95300,0,1,0,0,0,1,1,0,0,66.343039,64.841211
46600,174200,0,1,0,0,1,0,0,0,0,54.653466,67.054856
41400,85200,1,0,0,0,0,1,0,1,0,48.946288,58.522171
46400,93600,0,1,0,0,1,0,0,0,0,55.98377,60.456246
41400,107400,1,0,0,0,0,1,0,0,1,50.647098,68.988663
46700,120100,1,0,0,0,0,1,1,0,0,55.23324,55.877852
71200,151000,1,0,0,1,0,0,0,0,0,55.002838,62.716591
38200,69900,1,0,0,0,0,1,0,0,0,50.544322,65.700847
57500,108100,1,0,0,0,0,1,0,0,1,52.928507,57.392865
35800,60200,1,0,0,0,0,1,0,0,0,54.328358,50.90788
37500,79700,1,0,0,0,0,1,0,0,0,58.199847,57.86227
37500,85400,1,0,0,0,0,1,0,0,0,58.767772,56.551266
44000,96100,1,0,0,0,1,0,0,1,0,55.335397,63.920385
45700,90100,1,0,0,0,0,1,0,0,1,51.705354,67.054427
36900,62000,0,1,0,0,0,1,0,1,0,48.672566,55.400813
38900,75500,0,1,0,0,0,1,0,1,0,45.652175,64.71647
58500,103200,0,1,0,0,0,1,1,0,0,55.161291,62.653041
39300,75100,0,1,0,0,0,1,0,1,0,95.636362,57.043773
30100,91300,1,0,0,0,0,1,0,0,1,55.606407,79.703969
29300,89800,1,0,0,0,0,1,0,0,1,46.587822,77.311224
47800,67500,0,1,0,0,0,1,1,0,0,58.357489,54.34733
37800,83400,1,0,0,0,0,1,0,0,0,59.614891,59.747541
29600,62000,1,0,0,0,0,1,0,0,0,54.941511,44.302782
41800,62700,1,0,0,0,0,1,0,1,0,48.758465,71.825904
51200,107000,0,1,0,0,0,1,0,1,0,54.106027,68.147784
72800,197900,0,1,0,1,0,0,0,0,0,53.726566,63.889211
32900,83200,0,1,0,0,0,1,0,0,1,62.135923,71.484703
46000,145100,0,1,0,1,0,0,1,0,0,60.714287,44.555253
27200,48500,0,0,0,0,0,0,0,1,0,41.241077,39.620981
53000,30900,0,1,0,0,0,0,1,0,0,9.9518456,39.375299
78300,159900,0,1,0,1,0,0,1,0,0,50.053751,63.73328
32600,68800,1,0,0,0,0,1,0,1,0,36.946717,55.315363
20200,36500,0,0,0,0,0,0,0,0,0,68.527263,28.743851
40200,90700,1,0,0,0,0,1,0,0,0,60.536742,51.194024
70800,116700,1,0,0,0,0,1,0,0,0,5.6910571,67.730194
62300,123300,1,0,0,0,1,0,0,0,0,43.178684,65.335566
35900,52200,1,0,0,0,0,1,0,0,0,54.688799,25.135735
40400,90400,0,1,0,0,0,1,0,0,0,61.904764,55.334544
38600,78200,0,1,0,0,0,1,0,1,0,73.862159,65.008473
58200,100800,0,1,0,0,0,1,0,1,0,0.33057851,62.956327
58000,114400,0,1,0,0,0,1,1,0,0,58.172232,57.70995
71500,191500,0,1,0,1,0,0,0,0,0,51.275688,65.989584
39300,70300,0,0,0,0,0,0,0,1,0,46.153846,71.445614
39000,94100,0,1,0,0,0,1,0,0,1,52.194357,69.295704
42600,82700,0,1,0,0,0,1,0,1,0,55.403346,66.895604
23800,104100,0,1,0,0,0,1,0,0,0,63.473052,47.583985
48400,85100,0,1,0,0,0,1,0,1,0,54.817706,78.110844
39400,80800,1,0,0,0,0,1,0,1,0,56.844109,63.039273
36200,74900,0,1,0,0,0,1,0,0,0,60.904253,48.828545
54700,99300,0,1,0,0,0,1,1,0,0,47.247708,60.048878
78200,226700,0,1,0,1,0,0,0,0,0,44.161186,65.991741
51500,120900,0,1,0,0,0,1,0,0,0,60.742706,60.547525
50000,104200,1,0,0,0,0,1,0,0,1,52.909046,64.539325
67500,180200,0,1,0,1,0,0,0,1,0,52.833766,58.425957
39800,60200,0,1,0,0,0,1,0,0,0,51.053482,62.763017
40500,67800,1,0,0,0,0,1,0,1,0,54.291844,70.208883
38400,81800,1,0,0,0,0,1,0,1,0,58.331776,45.417821
42900,74000,0,1,0,0,0,1,1,0,0,50.192553,65.669513
42000,62400,0,1,0,0,0,1,0,0,0,33.333334,49.16667
35500,92000,1,0,0,0,0,1,0,0,1,50.425935,74.841857
36900,96000,0,1,0,0,0,1,0,1,0,60.554701,55.161756
56300,142500,0,1,0,1,0,0,1,0,0,99.052429,50.03866
41500,74900,0,1,0,0,0,1,1,0,0,95.625001,47.69223
59700,93600,0,1,0,0,0,1,1,0,0,16.304348,52.832913
44100,81500,0,1,0,0,0,1,0,0,0,46.85891,55.015695
56500,165300,0,1,0,1,0,0,1,0,0,53.877139,50.664794
47500,102700,1,0,0,0,0,1,1,0,0,61.328936,60.739905
36400,72200,1,0,0,0,0,1,0,0,0,53.969437,61.729866
39900,74600,1,0,0,0,0,1,0,0,0,53.492647,66.841352
33900,64200,1,0,0,0,0,1,0,0,0,52.847809,56.881022
27200,65100,1,0,0,0,0,1,0,0,0,50.584531,50.99743
42700,86700,1,0,0,0,0,1,0,0,0,47.450212,59.289235
46800,86300,0,1,0,0,0,1,0,0,0,54.078549,59.883344
36700,88000,1,0,0,0,0,1,0,0,0,50.572777,61.031872
47300,100500,1,0,0,0,0,1,1,0,0,52.877927,50.619423
45200,93400,1,0,0,0,0,1,0,1,0,50.547123,64.249134
25000,56700,0,0,0,0,0,0,0,0,1,78.500003,43.411961
35100,76100,1,0,0,0,0,1,0,0,0,56.418425,62.720841
45000,112200,1,0,0,0,0,1,0,1,0,53.108805,63.694984
26000,62400,1,0,0,0,0,1,0,0,1,51.97854,47.256988
57100,99300,0,1,0,0,0,1,1,0,0,44.474763,62.980825
28000,51200,1,0,0,0,0,1,0,0,1,53.817272,49.284026
40800,86900,1,0,0,0,0,1,0,0,1,61.823499,68.076915
35800,94700,1,0,0,0,0,1,0,0,1,40.572268,55.442655
45900,108100,1,0,0,0,0,1,0,0,1,59.434628,61.110085
48200,98100,1,0,0,0,0,1,1,0,0,54.514766,60.618937
47300,96600,0,1,0,0,0,1,0,1,0,41.8239,65.503818
46400,87900,0,1,0,0,0,1,1,0,0,64.429528,70.545608
41500,95400,0,1,0,0,0,1,0,0,1,59.923667,68.741113
47600,132100,0,1,0,0,1,0,0,0,1,65.056181,73.554587
26400,37800,0,0,0,0,0,0,0,0,1,39.515153,23.935547
46600,117300,0,1,0,0,1,0,1,0,0,65.582657,55.326259
41500,130900,0,1,0,0,1,0,0,1,0,54.441911,73.715872
47200,85100,0,1,0,0,0,1,0,0,0,54.351145,64.286095
35300,95600,0,1,0,0,0,1,1,0,0,95.794392,56.957787
48500,138200,0,1,0,1,0,0,0,0,1,57.30443,58.210313
47900,98500,0,1,0,0,0,1,0,0,1,56.440902,47.606146
41000,98500,0,1,0,0,0,1,0,0,1,61.438477,75.211358
38000,86400,1,0,0,0,0,1,0,1,0,56.132919,58.862984
53400,96000,0,1,0,0,0,1,1,0,0,44.574982,59.613645
52500,80100,0,1,0,0,0,1,1,0,0,46.481481,60.095644
49400,110800,0,1,0,0,0,1,0,0,1,55.989802,57.052082
31700,66500,0,1,0,0,0,1,0,0,0,62.177122,59.54569
42600,95100,0,1,0,0,0,1,0,1,0,59.671301,71.338969
46900,89500,1,0,0,0,0,1,1,0,0,56.37306,49.883071
34700,105900,0,1,0,0,0,0,0,0,0,99.748111,60.922098
38300,64400,0,1,0,0,0,1,0,1,0,38.998836,55.50921
35000,88600,0,1,0,0,0,1,0,1,0,75.43478,59.773177
30500,53800,0,1,0,0,0,1,0,0,0,56.25,70.462656
62600,184000,0,1,0,1,0,0,1,0,0,53.838062,56.31516
40400,71400,0,1,0,0,0,1,0,1,0,54.133636,65.93712
39600,94300,0,1,0,0,0,1,0,0,0,60.260588,52.49055
40700,86600,0,1,0,0,0,1,0,0,0,53.160918,58.05968
33800,45400,1,0,0,0,0,1,0,0,0,67.19085,26.99964
38600,84100,1,0,0,0,0,1,0,0,0,71.773881,58.908486
39300,85400,0,1,0,0,0,1,0,1,0,61.399549,75.150943
46100,104800,0,1,0,0,0,1,0,1,0,57.283258,65.028304
55100,133400,0,1,0,0,1,0,0,0,0,48.025477,69.341409
44300,61900,0,1,0,0,0,1,0,0,1,61.095101,45.329198
85200,109500,0,1,0,0,1,0,1,0,0,23.244147,60.654932
44800,87600,1,0,0,0,0,1,1,0,0,60.141271,56.70563
12400,27200,0,1,0,0,0,0,0,1,0,76.604277,21.807687
39400,83200,1,0,0,0,0,1,0,1,0,56.49547,61.302131
52200,122100,0,1,0,0,0,1,0,1,0,56.767589,66.679204
48400,63100,0,1,0,0,0,1,0,0,0,72.9716,32.077602
76000,199700,0,1,1,0,0,0,1,0,0,50.661159,55.138421
46400,180100,0,1,0,0,0,1,1,0,0,46.747753,81.344277
34000,98300,0,1,0,0,0,0,0,0,0,47.117296,58.961809
36000,71500,1,0,0,0,0,1,0,1,0,51.344782,56.003773
